[
  {
    "model": "easy_thumbnails.source",
    "pk": 1,
    "fields": {
      "storage_hash": "f9bde26a1556cd667f742bd34ec7c55e",
      "name": "photo-gallery/1/img1.jpg",
      "modified": "2017-10-24T11:50:54.884Z"
    }
  },
  {
    "model": "easy_thumbnails.source",
    "pk": 2,
    "fields": {
      "storage_hash": "f9bde26a1556cd667f742bd34ec7c55e",
      "name": "photo-gallery/1/img1_0Glq8Kr.jpg",
      "modified": "2017-10-24T12:21:16.423Z"
    }
  },
  {
    "model": "easy_thumbnails.source",
    "pk": 3,
    "fields": {
      "storage_hash": "f9bde26a1556cd667f742bd34ec7c55e",
      "name": "photo-gallery/1/img1_Tn0JuUO.jpg",
      "modified": "2017-10-24T12:21:15.953Z"
    }
  },
  {
    "model": "easy_thumbnails.source",
    "pk": 4,
    "fields": {
      "storage_hash": "f9bde26a1556cd667f742bd34ec7c55e",
      "name": "photo-gallery/1/img1_letLMpL.jpg",
      "modified": "2017-10-24T12:21:15.503Z"
    }
  },
  {
    "model": "easy_thumbnails.source",
    "pk": 5,
    "fields": {
      "storage_hash": "f9bde26a1556cd667f742bd34ec7c55e",
      "name": "photo-gallery/1/img1_QIpYShT.jpg",
      "modified": "2017-10-24T12:21:15.063Z"
    }
  },
  {
    "model": "easy_thumbnails.source",
    "pk": 6,
    "fields": {
      "storage_hash": "f9bde26a1556cd667f742bd34ec7c55e",
      "name": "photo-gallery/1/img1_48p8akJ.jpg",
      "modified": "2017-10-24T12:21:14.603Z"
    }
  },
  {
    "model": "easy_thumbnails.source",
    "pk": 7,
    "fields": {
      "storage_hash": "f9bde26a1556cd667f742bd34ec7c55e",
      "name": "photo-gallery/1/img1_LFKccQD.jpg",
      "modified": "2017-10-24T12:21:14.193Z"
    }
  },
  {
    "model": "easy_thumbnails.source",
    "pk": 8,
    "fields": {
      "storage_hash": "f9bde26a1556cd667f742bd34ec7c55e",
      "name": "photo-gallery/2/img1.jpg",
      "modified": "2017-10-24T11:50:54.374Z"
    }
  },
  {
    "model": "easy_thumbnails.source",
    "pk": 9,
    "fields": {
      "storage_hash": "f9bde26a1556cd667f742bd34ec7c55e",
      "name": "photo-gallery/2/img1_5mzqDJi.jpg",
      "modified": "2017-10-24T12:38:06.238Z"
    }
  },
  {
    "model": "easy_thumbnails.source",
    "pk": 10,
    "fields": {
      "storage_hash": "f9bde26a1556cd667f742bd34ec7c55e",
      "name": "photo-gallery/2/img1_cDxjzhT.jpg",
      "modified": "2017-10-24T12:38:05.688Z"
    }
  },
  {
    "model": "easy_thumbnails.source",
    "pk": 11,
    "fields": {
      "storage_hash": "f9bde26a1556cd667f742bd34ec7c55e",
      "name": "photo-gallery/2/img1_BkmXIQC.jpg",
      "modified": "2017-10-24T12:38:05.268Z"
    }
  },
  {
    "model": "easy_thumbnails.source",
    "pk": 12,
    "fields": {
      "storage_hash": "f9bde26a1556cd667f742bd34ec7c55e",
      "name": "photo-gallery/2/img1_fQwNdzM.jpg",
      "modified": "2017-10-24T12:38:04.778Z"
    }
  },
  {
    "model": "easy_thumbnails.source",
    "pk": 13,
    "fields": {
      "storage_hash": "f9bde26a1556cd667f742bd34ec7c55e",
      "name": "photo-gallery/1/2017-05-10--11-18-06.jpeg",
      "modified": "2017-10-28T15:05:16.449Z"
    }
  },
  {
    "model": "easy_thumbnails.source",
    "pk": 14,
    "fields": {
      "storage_hash": "f9bde26a1556cd667f742bd34ec7c55e",
      "name": "carousel/2.png",
      "modified": "2017-11-07T12:54:56.905Z"
    }
  },
  {
    "model": "easy_thumbnails.source",
    "pk": 15,
    "fields": {
      "storage_hash": "f9bde26a1556cd667f742bd34ec7c55e",
      "name": "carousel/AFL.png",
      "modified": "2017-11-07T12:54:57.412Z"
    }
  },
  {
    "model": "easy_thumbnails.source",
    "pk": 16,
    "fields": {
      "storage_hash": "f9bde26a1556cd667f742bd34ec7c55e",
      "name": "carousel/3.png",
      "modified": "2017-11-07T12:54:57.926Z"
    }
  },
  {
    "model": "easy_thumbnails.source",
    "pk": 17,
    "fields": {
      "storage_hash": "f9bde26a1556cd667f742bd34ec7c55e",
      "name": "news/3.jpg",
      "modified": "2017-11-07T13:10:44.122Z"
    }
  },
  {
    "model": "easy_thumbnails.source",
    "pk": 18,
    "fields": {
      "storage_hash": "f9bde26a1556cd667f742bd34ec7c55e",
      "name": "news/2.jpg",
      "modified": "2017-11-07T13:13:14.862Z"
    }
  },
  {
    "model": "easy_thumbnails.source",
    "pk": 19,
    "fields": {
      "storage_hash": "f9bde26a1556cd667f742bd34ec7c55e",
      "name": "news/1.jpg",
      "modified": "2017-11-07T13:13:15.184Z"
    }
  },
  {
    "model": "easy_thumbnails.source",
    "pk": 20,
    "fields": {
      "storage_hash": "f9bde26a1556cd667f742bd34ec7c55e",
      "name": "news/AFLPodlojka.jpg",
      "modified": "2017-11-07T13:13:15.341Z"
    }
  },
  {
    "model": "easy_thumbnails.source",
    "pk": 21,
    "fields": {
      "storage_hash": "f9bde26a1556cd667f742bd34ec7c55e",
      "name": "teams/WhatsApp_Image_2017-10-09_at_19.40.27.jpeg",
      "modified": "2017-11-07T13:19:02.891Z"
    }
  },
  {
    "model": "easy_thumbnails.source",
    "pk": 22,
    "fields": {
      "storage_hash": "f9bde26a1556cd667f742bd34ec7c55e",
      "name": "teams/\u0410\u043b\u0430\u043d\u0438\u044f_2015.jpg",
      "modified": "2017-11-07T13:19:05.129Z"
    }
  },
  {
    "model": "easy_thumbnails.source",
    "pk": 23,
    "fields": {
      "storage_hash": "f9bde26a1556cd667f742bd34ec7c55e",
      "name": "teams/FLju6B4jtW4.jpg",
      "modified": "2017-11-07T13:26:36.248Z"
    }
  },
  {
    "model": "easy_thumbnails.source",
    "pk": 24,
    "fields": {
      "storage_hash": "f9bde26a1556cd667f742bd34ec7c55e",
      "name": "teams/\u0424\u041a_\u041d\u0430\u0440\u0442_\u042d\u043c\u0431\u043b\u0435\u043c\u0430_\u0442\u0451\u043c\u043d\u043e-\u043a\u043e\u0440\u0438\u0447\u043d\u0435\u0432\u0439.png",
      "modified": "2017-11-07T13:19:00.843Z"
    }
  },
  {
    "model": "easy_thumbnails.source",
    "pk": 25,
    "fields": {
      "storage_hash": "f9bde26a1556cd667f742bd34ec7c55e",
      "name": "teams/\u0421\u043f\u0430\u0440\u0442\u0430\u043a_\u0410\u0424\u041b.png",
      "modified": "2017-11-07T13:27:10.300Z"
    }
  },
  {
    "model": "easy_thumbnails.source",
    "pk": 26,
    "fields": {
      "storage_hash": "f9bde26a1556cd667f742bd34ec7c55e",
      "name": "teams/\u0424\u0430\u0432\u043e\u0440\u0438\u0442.jpg",
      "modified": "2017-11-07T13:19:03.175Z"
    }
  },
  {
    "model": "easy_thumbnails.source",
    "pk": 27,
    "fields": {
      "storage_hash": "f9bde26a1556cd667f742bd34ec7c55e",
      "name": "teams/liverpool_fc_\u0432\u043b\u0430\u0434\u0438\u043a\u0430\u0432\u043a\u0430\u0437.png",
      "modified": "2017-11-07T13:19:04.549Z"
    }
  },
  {
    "model": "easy_thumbnails.source",
    "pk": 28,
    "fields": {
      "storage_hash": "f9bde26a1556cd667f742bd34ec7c55e",
      "name": "teams/\u0429\u0438\u0442_\u041e\u0441\u0435\u0442\u0438\u0438.jpeg",
      "modified": "2017-11-07T13:19:04.903Z"
    }
  },
  {
    "model": "easy_thumbnails.source",
    "pk": 29,
    "fields": {
      "storage_hash": "f9bde26a1556cd667f742bd34ec7c55e",
      "name": "news/img1_Fx4lW6o.jpg",
      "modified": "2017-11-07T13:13:15.468Z"
    }
  },
  {
    "model": "easy_thumbnails.source",
    "pk": 30,
    "fields": {
      "storage_hash": "f9bde26a1556cd667f742bd34ec7c55e",
      "name": "players/10/IMG_9699.JPG",
      "modified": "2017-11-07T13:31:58.724Z"
    }
  },
  {
    "model": "easy_thumbnails.thumbnail",
    "pk": 1,
    "fields": {
      "storage_hash": "d26becbf46ac48eda79c7a39a13a02dd",
      "name": "photo-gallery/2\\img1.jpg.400x270_q85_crop.jpg",
      "modified": "2017-10-24T11:50:54.594Z",
      "source": 8
    }
  },
  {
    "model": "easy_thumbnails.thumbnail",
    "pk": 2,
    "fields": {
      "storage_hash": "d26becbf46ac48eda79c7a39a13a02dd",
      "name": "photo-gallery/1\\img1.jpg.400x270_q85_crop.jpg",
      "modified": "2017-10-24T11:50:55.064Z",
      "source": 1
    }
  },
  {
    "model": "easy_thumbnails.thumbnail",
    "pk": 3,
    "fields": {
      "storage_hash": "d26becbf46ac48eda79c7a39a13a02dd",
      "name": "photo-gallery/1\\img1_LFKccQD.jpg.400x270_q85_crop.jpg",
      "modified": "2017-10-24T12:21:14.363Z",
      "source": 7
    }
  },
  {
    "model": "easy_thumbnails.thumbnail",
    "pk": 4,
    "fields": {
      "storage_hash": "d26becbf46ac48eda79c7a39a13a02dd",
      "name": "photo-gallery/1\\img1_48p8akJ.jpg.400x270_q85_crop.jpg",
      "modified": "2017-10-24T12:21:14.783Z",
      "source": 6
    }
  },
  {
    "model": "easy_thumbnails.thumbnail",
    "pk": 5,
    "fields": {
      "storage_hash": "d26becbf46ac48eda79c7a39a13a02dd",
      "name": "photo-gallery/1\\img1_QIpYShT.jpg.400x270_q85_crop.jpg",
      "modified": "2017-10-24T12:21:15.253Z",
      "source": 5
    }
  },
  {
    "model": "easy_thumbnails.thumbnail",
    "pk": 6,
    "fields": {
      "storage_hash": "d26becbf46ac48eda79c7a39a13a02dd",
      "name": "photo-gallery/1\\img1_letLMpL.jpg.400x270_q85_crop.jpg",
      "modified": "2017-10-24T12:21:15.693Z",
      "source": 4
    }
  },
  {
    "model": "easy_thumbnails.thumbnail",
    "pk": 7,
    "fields": {
      "storage_hash": "d26becbf46ac48eda79c7a39a13a02dd",
      "name": "photo-gallery/1\\img1_Tn0JuUO.jpg.400x270_q85_crop.jpg",
      "modified": "2017-10-24T12:21:16.183Z",
      "source": 3
    }
  },
  {
    "model": "easy_thumbnails.thumbnail",
    "pk": 8,
    "fields": {
      "storage_hash": "d26becbf46ac48eda79c7a39a13a02dd",
      "name": "photo-gallery/1\\img1_0Glq8Kr.jpg.400x270_q85_crop.jpg",
      "modified": "2017-10-24T12:21:16.613Z",
      "source": 2
    }
  },
  {
    "model": "easy_thumbnails.thumbnail",
    "pk": 9,
    "fields": {
      "storage_hash": "d26becbf46ac48eda79c7a39a13a02dd",
      "name": "photo-gallery/2\\img1_fQwNdzM.jpg.400x270_q85_crop.jpg",
      "modified": "2017-10-24T12:38:04.948Z",
      "source": 12
    }
  },
  {
    "model": "easy_thumbnails.thumbnail",
    "pk": 10,
    "fields": {
      "storage_hash": "d26becbf46ac48eda79c7a39a13a02dd",
      "name": "photo-gallery/2\\img1_BkmXIQC.jpg.400x270_q85_crop.jpg",
      "modified": "2017-10-24T12:38:05.468Z",
      "source": 11
    }
  },
  {
    "model": "easy_thumbnails.thumbnail",
    "pk": 11,
    "fields": {
      "storage_hash": "d26becbf46ac48eda79c7a39a13a02dd",
      "name": "photo-gallery/2\\img1_cDxjzhT.jpg.400x270_q85_crop.jpg",
      "modified": "2017-10-24T12:38:05.988Z",
      "source": 10
    }
  },
  {
    "model": "easy_thumbnails.thumbnail",
    "pk": 12,
    "fields": {
      "storage_hash": "d26becbf46ac48eda79c7a39a13a02dd",
      "name": "photo-gallery/2\\img1_5mzqDJi.jpg.400x270_q85_crop.jpg",
      "modified": "2017-10-24T12:38:06.418Z",
      "source": 9
    }
  },
  {
    "model": "easy_thumbnails.thumbnail",
    "pk": 13,
    "fields": {
      "storage_hash": "d26becbf46ac48eda79c7a39a13a02dd",
      "name": "photo-gallery/1/2017-05-10--11-18-06.jpeg.400x270_q85_crop.png",
      "modified": "2017-10-28T15:05:16.544Z",
      "source": 13
    }
  },
  {
    "model": "easy_thumbnails.thumbnail",
    "pk": 14,
    "fields": {
      "storage_hash": "d26becbf46ac48eda79c7a39a13a02dd",
      "name": "carousel\\2.png.1140x400_q85_crop.jpg",
      "modified": "2017-11-07T12:54:57.167Z",
      "source": 14
    }
  },
  {
    "model": "easy_thumbnails.thumbnail",
    "pk": 15,
    "fields": {
      "storage_hash": "d26becbf46ac48eda79c7a39a13a02dd",
      "name": "carousel\\AFL.png.1140x400_q85_crop.jpg",
      "modified": "2017-11-07T12:54:57.629Z",
      "source": 15
    }
  },
  {
    "model": "easy_thumbnails.thumbnail",
    "pk": 16,
    "fields": {
      "storage_hash": "d26becbf46ac48eda79c7a39a13a02dd",
      "name": "carousel\\3.png.1140x400_q85_crop.jpg",
      "modified": "2017-11-07T12:54:58.092Z",
      "source": 16
    }
  },
  {
    "model": "easy_thumbnails.thumbnail",
    "pk": 17,
    "fields": {
      "storage_hash": "d26becbf46ac48eda79c7a39a13a02dd",
      "name": "news\\3.jpg.255x130_q85_crop.jpg",
      "modified": "2017-11-07T12:54:58.775Z",
      "source": 17
    }
  },
  {
    "model": "easy_thumbnails.thumbnail",
    "pk": 18,
    "fields": {
      "storage_hash": "d26becbf46ac48eda79c7a39a13a02dd",
      "name": "news\\2.jpg.160x82_q85_crop.jpg",
      "modified": "2017-11-07T12:54:59.342Z",
      "source": 18
    }
  },
  {
    "model": "easy_thumbnails.thumbnail",
    "pk": 19,
    "fields": {
      "storage_hash": "d26becbf46ac48eda79c7a39a13a02dd",
      "name": "news\\1.jpg.160x82_q85_crop.jpg",
      "modified": "2017-11-07T12:54:59.909Z",
      "source": 19
    }
  },
  {
    "model": "easy_thumbnails.thumbnail",
    "pk": 20,
    "fields": {
      "storage_hash": "d26becbf46ac48eda79c7a39a13a02dd",
      "name": "news\\AFLPodlojka.jpg.160x82_q85_crop.jpg",
      "modified": "2017-11-07T12:55:00.328Z",
      "source": 20
    }
  },
  {
    "model": "easy_thumbnails.thumbnail",
    "pk": 21,
    "fields": {
      "storage_hash": "d26becbf46ac48eda79c7a39a13a02dd",
      "name": "news\\3.jpg.740x380_q85_crop.jpg",
      "modified": "2017-11-07T13:10:44.167Z",
      "source": 17
    }
  },
  {
    "model": "easy_thumbnails.thumbnail",
    "pk": 22,
    "fields": {
      "storage_hash": "d26becbf46ac48eda79c7a39a13a02dd",
      "name": "news\\2.jpg.255x130_q85_crop.jpg",
      "modified": "2017-11-07T13:10:44.450Z",
      "source": 18
    }
  },
  {
    "model": "easy_thumbnails.thumbnail",
    "pk": 23,
    "fields": {
      "storage_hash": "d26becbf46ac48eda79c7a39a13a02dd",
      "name": "news\\1.jpg.255x130_q85_crop.jpg",
      "modified": "2017-11-07T13:10:44.693Z",
      "source": 19
    }
  },
  {
    "model": "easy_thumbnails.thumbnail",
    "pk": 24,
    "fields": {
      "storage_hash": "d26becbf46ac48eda79c7a39a13a02dd",
      "name": "news\\AFLPodlojka.jpg.255x130_q85_crop.jpg",
      "modified": "2017-11-07T13:10:44.813Z",
      "source": 20
    }
  },
  {
    "model": "easy_thumbnails.thumbnail",
    "pk": 25,
    "fields": {
      "storage_hash": "d26becbf46ac48eda79c7a39a13a02dd",
      "name": "teams\\WhatsApp_Image_2017-10-09_at_19.40.27.jpeg.18x18_q85_crop.jpg",
      "modified": "2017-11-07T13:12:22.399Z",
      "source": 21
    }
  },
  {
    "model": "easy_thumbnails.thumbnail",
    "pk": 26,
    "fields": {
      "storage_hash": "d26becbf46ac48eda79c7a39a13a02dd",
      "name": "teams\\\u0410\u043b\u0430\u043d\u0438\u044f_2015.jpg.18x18_q85_crop.jpg",
      "modified": "2017-11-07T13:12:23.511Z",
      "source": 22
    }
  },
  {
    "model": "easy_thumbnails.thumbnail",
    "pk": 27,
    "fields": {
      "storage_hash": "d26becbf46ac48eda79c7a39a13a02dd",
      "name": "teams\\FLju6B4jtW4.jpg.18x18_q85_crop.jpg",
      "modified": "2017-11-07T13:12:23.880Z",
      "source": 23
    }
  },
  {
    "model": "easy_thumbnails.thumbnail",
    "pk": 28,
    "fields": {
      "storage_hash": "d26becbf46ac48eda79c7a39a13a02dd",
      "name": "teams\\\u0424\u041a_\u041d\u0430\u0440\u0442_\u042d\u043c\u0431\u043b\u0435\u043c\u0430_\u0442\u0451\u043c\u043d\u043e-\u043a\u043e\u0440\u0438\u0447\u043d\u0435\u0432\u0439.png.18x18_q85_crop.png",
      "modified": "2017-11-07T13:12:24.606Z",
      "source": 24
    }
  },
  {
    "model": "easy_thumbnails.thumbnail",
    "pk": 29,
    "fields": {
      "storage_hash": "d26becbf46ac48eda79c7a39a13a02dd",
      "name": "teams\\\u0421\u043f\u0430\u0440\u0442\u0430\u043a_\u0410\u0424\u041b.png.18x18_q85_crop.png",
      "modified": "2017-11-07T13:12:26.293Z",
      "source": 25
    }
  },
  {
    "model": "easy_thumbnails.thumbnail",
    "pk": 30,
    "fields": {
      "storage_hash": "d26becbf46ac48eda79c7a39a13a02dd",
      "name": "teams\\\u0424\u0430\u0432\u043e\u0440\u0438\u0442.jpg.18x18_q85_crop.jpg",
      "modified": "2017-11-07T13:12:26.627Z",
      "source": 26
    }
  },
  {
    "model": "easy_thumbnails.thumbnail",
    "pk": 31,
    "fields": {
      "storage_hash": "d26becbf46ac48eda79c7a39a13a02dd",
      "name": "teams\\liverpool_fc_\u0432\u043b\u0430\u0434\u0438\u043a\u0430\u0432\u043a\u0430\u0437.png.18x18_q85_crop.png",
      "modified": "2017-11-07T13:12:27.860Z",
      "source": 27
    }
  },
  {
    "model": "easy_thumbnails.thumbnail",
    "pk": 32,
    "fields": {
      "storage_hash": "d26becbf46ac48eda79c7a39a13a02dd",
      "name": "teams\\\u0429\u0438\u0442_\u041e\u0441\u0435\u0442\u0438\u0438.jpeg.18x18_q85_crop.jpg",
      "modified": "2017-11-07T13:12:28.096Z",
      "source": 28
    }
  },
  {
    "model": "easy_thumbnails.thumbnail",
    "pk": 33,
    "fields": {
      "storage_hash": "d26becbf46ac48eda79c7a39a13a02dd",
      "name": "news\\2.jpg.740x380_q85_crop.jpg",
      "modified": "2017-11-07T13:13:14.920Z",
      "source": 18
    }
  },
  {
    "model": "easy_thumbnails.thumbnail",
    "pk": 34,
    "fields": {
      "storage_hash": "d26becbf46ac48eda79c7a39a13a02dd",
      "name": "news\\1.jpg.740x380_q85_crop.jpg",
      "modified": "2017-11-07T13:13:15.228Z",
      "source": 19
    }
  },
  {
    "model": "easy_thumbnails.thumbnail",
    "pk": 35,
    "fields": {
      "storage_hash": "d26becbf46ac48eda79c7a39a13a02dd",
      "name": "news\\AFLPodlojka.jpg.740x380_q85_crop.jpg",
      "modified": "2017-11-07T13:13:15.383Z",
      "source": 20
    }
  },
  {
    "model": "easy_thumbnails.thumbnail",
    "pk": 36,
    "fields": {
      "storage_hash": "d26becbf46ac48eda79c7a39a13a02dd",
      "name": "news\\img1_Fx4lW6o.jpg.740x380_q85_crop.jpg",
      "modified": "2017-11-07T13:13:15.512Z",
      "source": 29
    }
  },
  {
    "model": "easy_thumbnails.thumbnail",
    "pk": 37,
    "fields": {
      "storage_hash": "d26becbf46ac48eda79c7a39a13a02dd",
      "name": "teams\\FLju6B4jtW4.jpg.45x45_q85_crop.jpg",
      "modified": "2017-11-07T13:19:00.190Z",
      "source": 23
    }
  },
  {
    "model": "easy_thumbnails.thumbnail",
    "pk": 38,
    "fields": {
      "storage_hash": "d26becbf46ac48eda79c7a39a13a02dd",
      "name": "teams\\\u0424\u041a_\u041d\u0430\u0440\u0442_\u042d\u043c\u0431\u043b\u0435\u043c\u0430_\u0442\u0451\u043c\u043d\u043e-\u043a\u043e\u0440\u0438\u0447\u043d\u0435\u0432\u0439.png.45x45_q85_crop.png",
      "modified": "2017-11-07T13:19:00.887Z",
      "source": 24
    }
  },
  {
    "model": "easy_thumbnails.thumbnail",
    "pk": 39,
    "fields": {
      "storage_hash": "d26becbf46ac48eda79c7a39a13a02dd",
      "name": "teams\\\u0421\u043f\u0430\u0440\u0442\u0430\u043a_\u0410\u0424\u041b.png.45x45_q85_crop.png",
      "modified": "2017-11-07T13:19:02.732Z",
      "source": 25
    }
  },
  {
    "model": "easy_thumbnails.thumbnail",
    "pk": 40,
    "fields": {
      "storage_hash": "d26becbf46ac48eda79c7a39a13a02dd",
      "name": "teams\\WhatsApp_Image_2017-10-09_at_19.40.27.jpeg.45x45_q85_crop.jpg",
      "modified": "2017-11-07T13:19:02.949Z",
      "source": 21
    }
  },
  {
    "model": "easy_thumbnails.thumbnail",
    "pk": 41,
    "fields": {
      "storage_hash": "d26becbf46ac48eda79c7a39a13a02dd",
      "name": "teams\\\u0424\u0430\u0432\u043e\u0440\u0438\u0442.jpg.45x45_q85_crop.jpg",
      "modified": "2017-11-07T13:19:03.262Z",
      "source": 26
    }
  },
  {
    "model": "easy_thumbnails.thumbnail",
    "pk": 42,
    "fields": {
      "storage_hash": "d26becbf46ac48eda79c7a39a13a02dd",
      "name": "teams\\liverpool_fc_\u0432\u043b\u0430\u0434\u0438\u043a\u0430\u0432\u043a\u0430\u0437.png.45x45_q85_crop.png",
      "modified": "2017-11-07T13:19:04.655Z",
      "source": 27
    }
  },
  {
    "model": "easy_thumbnails.thumbnail",
    "pk": 43,
    "fields": {
      "storage_hash": "d26becbf46ac48eda79c7a39a13a02dd",
      "name": "teams\\\u0429\u0438\u0442_\u041e\u0441\u0435\u0442\u0438\u0438.jpeg.45x45_q85_crop.jpg",
      "modified": "2017-11-07T13:19:04.982Z",
      "source": 28
    }
  },
  {
    "model": "easy_thumbnails.thumbnail",
    "pk": 44,
    "fields": {
      "storage_hash": "d26becbf46ac48eda79c7a39a13a02dd",
      "name": "teams\\\u0410\u043b\u0430\u043d\u0438\u044f_2015.jpg.45x45_q85_crop.jpg",
      "modified": "2017-11-07T13:19:05.186Z",
      "source": 22
    }
  },
  {
    "model": "easy_thumbnails.thumbnail",
    "pk": 45,
    "fields": {
      "storage_hash": "d26becbf46ac48eda79c7a39a13a02dd",
      "name": "teams\\\u0421\u043f\u0430\u0440\u0442\u0430\u043a_\u0410\u0424\u041b.png.130x130_q85_crop.png",
      "modified": "2017-11-07T13:22:16.095Z",
      "source": 25
    }
  },
  {
    "model": "easy_thumbnails.thumbnail",
    "pk": 46,
    "fields": {
      "storage_hash": "d26becbf46ac48eda79c7a39a13a02dd",
      "name": "teams\\FLju6B4jtW4.jpg.300x300_q85.jpg",
      "modified": "2017-11-07T13:26:36.312Z",
      "source": 23
    }
  },
  {
    "model": "easy_thumbnails.thumbnail",
    "pk": 47,
    "fields": {
      "storage_hash": "d26becbf46ac48eda79c7a39a13a02dd",
      "name": "teams\\\u0421\u043f\u0430\u0440\u0442\u0430\u043a_\u0410\u0424\u041b.png.300x300_q85.png",
      "modified": "2017-11-07T13:27:10.340Z",
      "source": 25
    }
  },
  {
    "model": "easy_thumbnails.thumbnail",
    "pk": 48,
    "fields": {
      "storage_hash": "d26becbf46ac48eda79c7a39a13a02dd",
      "name": "players/10\\IMG_9699.JPG.350x400_q85.jpg",
      "modified": "2017-11-07T13:31:58.785Z",
      "source": 30
    }
  },
  {
    "model": "home.carousel",
    "pk": 4,
    "fields": {
      "title": "\u0421\u0442\u0430\u0440\u0442\u043e\u0432\u0430\u043b \u0417\u0438\u043c\u043d\u0438\u0439 \u0447\u0435\u043c\u043f\u0438\u043e\u043d\u0430\u0442 \u0410\u0424\u041b",
      "under_title": "\u0412 \u0432\u043e\u0441\u043a\u0440\u0435\u0441\u0435\u043d\u044c\u0435 \u0441\u043e\u0441\u0442\u043e\u044f\u043b\u0438\u0441\u044c \u043f\u0435\u0440\u0432\u044b\u0435 \u043c\u0430\u0442\u0447\u0438 \u0442\u0443\u0440\u043d\u0438\u0440\u0430",
      "image": "carousel/3.png",
      "link": null,
      "is_visible": true,
      "created_at": "2017-10-27T23:58:06.920Z",
      "updated_at": "2017-10-31T23:57:00.722Z"
    }
  },
  {
    "model": "home.carousel",
    "pk": 5,
    "fields": {
      "title": "\u0417\u0430\u043f\u0443\u0449\u0435\u043d \u0441\u0430\u0439\u0442 \u0410\u0424\u041b",
      "under_title": "\u041f\u043e\u043a\u0430 \u0441\u0430\u0439\u0442 \u0440\u0430\u0431\u043e\u0442\u0430\u0435\u0442 \u0432 \u0442\u0435\u0441\u0442\u043e\u0432\u043e\u043c \u0440\u0435\u0436\u0438\u043c\u0435",
      "image": "carousel/AFL.png",
      "link": "http://afl15.ru/news/8/",
      "is_visible": true,
      "created_at": "2017-10-31T23:37:30.275Z",
      "updated_at": "2017-10-31T23:47:55.484Z"
    }
  },
  {
    "model": "home.carousel",
    "pk": 6,
    "fields": {
      "title": "\u0420\u0435\u0437\u0443\u043b\u044c\u0442\u0430\u0442\u044b \u0432\u043e\u0441\u043a\u0440\u0435\u0441\u043d\u044b\u0445 \u043c\u0430\u0442\u0447\u0435\u0439 2-\u0442\u0443\u0440\u0430",
      "under_title": "\u0412 \u0432\u043e\u0441\u043a\u0440\u0435\u0441\u0435\u043d\u044c\u0435 \u0441\u043e\u0441\u0442\u043e\u044f\u043b\u0438\u0441\u044c \u043e\u0447\u0435\u0440\u0435\u0434\u043d\u044b\u0435 \u043c\u0430\u0442\u0447\u0438 \u0442\u0443\u0440\u043d\u0438\u0440\u0430",
      "image": "carousel/2.png",
      "link": "http://afl15.ru/news/11/",
      "is_visible": true,
      "created_at": "2017-10-31T23:52:58.625Z",
      "updated_at": "2017-11-01T00:00:07.298Z"
    }
  },
  {
    "model": "home.lasttournament",
    "pk": 1,
    "fields": {
      "tournament": 2,
      "created_at": "2017-11-07T13:12:18.451Z",
      "updated_at": "2017-11-07T13:12:18.451Z"
    }
  },
  {
    "model": "home.bombardierspenaltiestablesettings",
    "pk": 2,
    "fields": {
      "tournament": 2,
      "created_at": "2017-11-07T13:50:03Z",
      "updated_at": "2017-11-07T13:50:01Z"
    }
  },
  {
    "model": "news.news",
    "pk": 4,
    "fields": {
      "title": "\u041d\u043e\u0432\u043e\u0441\u0442\u044c 1",
      "text": "<p>Lorem ipsum dolor sit amet, consectetuer adipiscing elit. Aenean commodo ligula eget dolor. Aenean massa. Cum sociis natoque penatibus et magnis dis parturient montes, nascetur ridiculus mus.</p>\r\n\r\n<p>Donec quam felis, ultricies nec, pellentesque eu, pretium quis, sem. Nulla consequat massa quis enim. Donec pede justo, fringilla vel, aliquet nec, vulputate eget, arcu. In enim justo, rhoncus ut, imperdiet a, venenatis vitae, justo.</p>\r\n\r\n<p>Nullam dictum felis eu pede mollis pretium. Integer tincidunt. Cras dapibus. Vivamus elementum semper nisi. Aenean vulputate eleifend tellus. Aenean leo ligula, porttitor eu, consequat vitae, eleifend ac, enim. Aliquam lorem ante, dapibus in, viverra quis, feugiat a, tellus.</p>\r\n\r\n<p>Phasellus viverra nulla ut metus varius laoreet. Quisque rutrum. Aenean imperdiet. Etiam ultricies nisi vel augue. Curabitur ullamcorper ultricies nisi. Nam eget dui. Etiam rhoncus.</p>\r\n\r\n<p>Maecenas tempus, tellus eget condimentum rhoncus, sem quam semper libero, sit amet adipiscing sem neque sed ipsum. Nam quam nunc, blandit vel, luctus pulvinar, hendrerit id, lorem. Maecenas nec odio et ante tincidunt tempus. Donec vitae sapien ut libero venenatis faucibus. Nullam quis ante. Etiam sit amet orci eget eros faucibus tincidunt. Duis leo. Sed fringilla mauris sit amet nibh. Donec sodales sagittis magna. Sed consequat, leo eget bibendum sodales, augue velit cursus nunc</p>",
      "is_visible": true,
      "image": "news/img1.jpg",
      "created_at": "2017-10-13T10:56:10.872Z",
      "updated_at": "2017-10-17T10:20:51.099Z"
    }
  },
  {
    "model": "news.news",
    "pk": 5,
    "fields": {
      "title": "\u041d\u043e\u0432\u043e\u0441\u0442\u044c 2",
      "text": "<p>Lorem ipsum dolor sit amet, consectetuer adipiscing elit. Aenean commodo ligula eget dolor. Aenean massa. Cum sociis natoque penatibus et magnis dis parturient montes, nascetur ridiculus mus.</p>\r\n\r\n<p>Donec quam felis, ultricies nec, pellentesque eu, pretium quis, sem. Nulla consequat massa quis enim. Donec pede justo, fringilla vel, aliquet nec, vulputate eget, arcu. In enim justo, rhoncus ut, imperdiet a, venenatis vitae, justo.</p>\r\n\r\n<p>Nullam dictum felis eu pede mollis pretium. Integer tincidunt. Cras dapibus. Vivamus elementum semper nisi. Aenean vulputate eleifend tellus. Aenean leo ligula, porttitor eu, consequat vitae, eleifend ac, enim. Aliquam lorem ante, dapibus in, viverra quis, feugiat a, tellus.</p>\r\n\r\n<p>Phasellus viverra nulla ut metus varius laoreet. Quisque rutrum. Aenean imperdiet. Etiam ultricies nisi vel augue. Curabitur ullamcorper ultricies nisi. Nam eget dui. Etiam rhoncus.</p>\r\n\r\n<p>Maecenas tempus, tellus eget condimentum rhoncus, sem quam semper libero, sit amet adipiscing sem neque sed ipsum. Nam quam nunc, blandit vel, luctus pulvinar, hendrerit id, lorem. Maecenas nec odio et ante tincidunt tempus. Donec vitae sapien ut libero venenatis faucibus. Nullam quis ante. Etiam sit amet orci eget eros faucibus tincidunt. Duis leo. Sed fringilla mauris sit amet nibh. Donec sodales sagittis magna. Sed consequat, leo eget bibendum sodales, augue velit cursus nunc</p>",
      "is_visible": true,
      "image": "news/img1_Yhf1CuX.jpg",
      "created_at": "2017-10-13T10:56:29.927Z",
      "updated_at": "2017-10-17T12:21:12.731Z"
    }
  },
  {
    "model": "news.news",
    "pk": 6,
    "fields": {
      "title": "\u041d\u043e\u0432\u043e\u0441\u0442\u044c 3",
      "text": "<p>Lorem ipsum dolor sit amet, consectetuer adipiscing elit. Aenean commodo ligula eget dolor. Aenean massa. Cum sociis natoque penatibus et magnis dis parturient montes, nascetur ridiculus mus.</p>\r\n\r\n<p>Donec quam felis, ultricies nec, pellentesque eu, pretium quis, sem. Nulla consequat massa quis enim. Donec pede justo, fringilla vel, aliquet nec, vulputate eget, arcu. In enim justo, rhoncus ut, imperdiet a, venenatis vitae, justo.</p>\r\n\r\n<p>Nullam dictum felis eu pede mollis pretium. Integer tincidunt. Cras dapibus. Vivamus elementum semper nisi. Aenean vulputate eleifend tellus. Aenean leo ligula, porttitor eu, consequat vitae, eleifend ac, enim. Aliquam lorem ante, dapibus in, viverra quis, feugiat a, tellus.</p>\r\n\r\n<p>Phasellus viverra nulla ut metus varius laoreet. Quisque rutrum. Aenean imperdiet. Etiam ultricies nisi vel augue. Curabitur ullamcorper ultricies nisi. Nam eget dui. Etiam rhoncus.</p>\r\n\r\n<p>Maecenas tempus, tellus eget condimentum rhoncus, sem quam semper libero, sit amet adipiscing sem neque sed ipsum. Nam quam nunc, blandit vel, luctus pulvinar, hendrerit id, lorem. Maecenas nec odio et ante tincidunt tempus. Donec vitae sapien ut libero venenatis faucibus. Nullam quis ante. Etiam sit amet orci eget eros faucibus tincidunt. Duis leo. Sed fringilla mauris sit amet nibh. Donec sodales sagittis magna. Sed consequat, leo eget bibendum sodales, augue velit cursus nunc</p>",
      "is_visible": true,
      "image": "news/img1_2QF8GDr.jpg",
      "created_at": "2017-10-17T12:21:22.721Z",
      "updated_at": "2017-10-17T12:21:22.721Z"
    }
  },
  {
    "model": "news.news",
    "pk": 7,
    "fields": {
      "title": "\u041d\u043e\u0432\u043e\u0441\u0442\u044c 4",
      "text": "<p>Lorem ipsum dolor sit amet, consectetuer adipiscing elit. Aenean commodo ligula eget dolor. Aenean massa. Cum sociis natoque penatibus et magnis dis parturient montes, nascetur ridiculus mus.</p>\r\n\r\n<p>Donec quam felis, ultricies nec, pellentesque eu, pretium quis, sem. Nulla consequat massa quis enim. Donec pede justo, fringilla vel, aliquet nec, vulputate eget, arcu. In enim justo, rhoncus ut, imperdiet a, venenatis vitae, justo.</p>\r\n\r\n<p>Nullam dictum felis eu pede mollis pretium. Integer tincidunt. Cras dapibus. Vivamus elementum semper nisi. Aenean vulputate eleifend tellus. Aenean leo ligula, porttitor eu, consequat vitae, eleifend ac, enim. Aliquam lorem ante, dapibus in, viverra quis, feugiat a, tellus.</p>\r\n\r\n<p>Phasellus viverra nulla ut metus varius laoreet. Quisque rutrum. Aenean imperdiet. Etiam ultricies nisi vel augue. Curabitur ullamcorper ultricies nisi. Nam eget dui. Etiam rhoncus.</p>\r\n\r\n<p>Maecenas tempus, tellus eget condimentum rhoncus, sem quam semper libero, sit amet adipiscing sem neque sed ipsum. Nam quam nunc, blandit vel, luctus pulvinar, hendrerit id, lorem. Maecenas nec odio et ante tincidunt tempus. Donec vitae sapien ut libero venenatis faucibus. Nullam quis ante. Etiam sit amet orci eget eros faucibus tincidunt. Duis leo. Sed fringilla mauris sit amet nibh. Donec sodales sagittis magna. Sed consequat, leo eget bibendum sodales, augue velit cursus nunc</p>",
      "is_visible": true,
      "image": "news/img1_Fx4lW6o.jpg",
      "created_at": "2017-10-17T12:21:35.781Z",
      "updated_at": "2017-10-19T08:15:19.824Z"
    }
  },
  {
    "model": "news.news",
    "pk": 8,
    "fields": {
      "title": "\u0417\u0430\u043f\u0443\u0449\u0435\u043d \u0441\u0430\u0439\u0442 \u0410\u0424\u041b",
      "text": "\u0423\u0432\u0430\u0436\u0430\u0435\u043c\u044b\u0435 \u0434\u0440\u0443\u0437\u044c\u044f! \u041d\u0430\u043a\u043e\u043d\u0435\u0446, \u0443 \u0410\u0424\u041b \u043f\u043e\u044f\u0432\u0438\u043b\u0441\u044f \u0441\u0432\u043e\u0439 \u0441\u0430\u0439\u0442. \u041f\u043e\u043a\u0430 \u043e\u043d \u0440\u0430\u0431\u043e\u0442\u0430\u0435\u0442 \u0432 \u0442\u0435\u0441\u0442\u043e\u0432\u043e\u043c \u0440\u0435\u0436\u0438\u043c\u0435, \u043f\u0440\u043e\u0433\u0440\u0430\u043c\u043c\u0438\u0441\u0442\u044b \u0437\u0430\u043a\u0430\u043d\u0447\u0438\u0432\u0430\u044e\u0442 \u0440\u0430\u0431\u043e\u0442\u0443, \u0438\u0441\u043f\u0440\u0430\u0432\u043b\u044f\u044e\u0442 \"\u043a\u043e\u0441\u044f\u043a\u0438\". \u041f\u0440\u043e\u0441\u0438\u043c \u0437\u0430\u043f\u0430\u0441\u0442\u0438\u0441\u044c \u0442\u0435\u0440\u043f\u0435\u043d\u0438\u0435\u043c, \u0432 \u0431\u043b\u0438\u0436\u0430\u0439\u0448\u0438\u0435 \u0434\u043d\u0438 \u0432\u0441\u0435 \u043e\u0448\u0438\u0431\u043a\u0438 \u0431\u0443\u0434\u0443\u0442 \u0443\u0441\u0442\u0440\u0430\u043d\u0435\u043d\u044b. \r\n\r\n\u0421\u0430\u0439\u0442 \u0440\u0430\u0437\u0440\u0430\u0431\u0430\u0442\u044b\u0432\u0430\u0435\u0442\u0441\u044f \u0432\u043b\u0430\u0434\u0438\u043a\u0430\u0432\u043a\u0430\u0437\u0441\u043a\u043e\u0439 \u043a\u043e\u043c\u043f\u0430\u043d\u0438\u0435\u0439 \"\u0410\u043a\u0430\u0434\u0435\u043c\u0438\u044f \u0421\u0438\u0441\u0442\u0435\u043c\u043d\u043e\u0433\u043e \u0410\u043d\u0430\u043b\u0438\u0437\u0430\" (www.asa.guru).",
      "is_visible": true,
      "image": "news/AFLPodlojka.jpg",
      "created_at": "2017-10-31T23:47:17.332Z",
      "updated_at": "2017-10-31T23:47:17.333Z"
    }
  },
  {
    "model": "news.news",
    "pk": 9,
    "fields": {
      "title": "\u041e\u0431\u0437\u043e\u0440 \u0432\u043e\u0441\u043a\u0440\u0435\u0441\u043d\u044b\u0445 \u043c\u0430\u0442\u0447\u0435\u0439 1-\u0433\u043e \u0442\u0443\u0440\u0430 \u0417\u0438\u043c\u043d\u0435\u0433\u043e \u0447\u0435\u043c\u043f\u0438\u043e\u043d\u0430\u0442\u0430 \u0410\u0424\u041b/Z&MEN",
      "text": "\u0417\u0438\u043c\u043d\u0438\u0439 \u0447\u0435\u043c\u043f\u0438\u043e\u043d\u0430\u0442 \u0410\u0424\u041b/Z&MEN.\r\n1 \u0442\u0443\u0440. \u041e\u0431\u0437\u043e\u0440 \u0432\u043e\u0441\u043a\u0440\u0435\u0441\u043d\u044b\u0445 \u043c\u0430\u0442\u0447\u0435\u0439.\r\n\r\n\u0414\u0435\u043d\u044c \u043e\u0442\u043a\u0440\u044b\u043b\u0438 \u0411\u0430\u0440\u0441 \u0438 \u0410\u043b\u0430\u043d\u0438\u044f-2015. \u0411\u0430\u0440\u0441 \u0441\u0442\u0430\u0440\u0442\u043e\u0432\u0430\u043b \u0441 \u043c\u0435\u0441\u0442\u0430 \u0432 \u043a\u0430\u0440\u044c\u0435\u0440, \u0441\u0440\u0430\u0437\u0443 \u0437\u0430\u0445\u0432\u0430\u0442\u0438\u043b \u0438\u043d\u0438\u0446\u0438\u0430\u0442\u0438\u0432\u0443 \u0438 \u0434\u0430\u0436\u0435 \u043f\u043e\u0432\u0435\u043b\u0438 \u0432 \u0441\u0447\u0451\u0442\u0435. \u0421\u0442\u043e\u0438\u0442 \u043e\u0442\u043c\u0435\u0442\u0438\u0442\u044c \u043d\u0435 \u0442\u043e\u043b\u044c\u043a\u043e \u0441\u043b\u0430\u0436\u0435\u043d\u043d\u044b\u0435 \u043a\u043e\u043c\u0430\u043d\u0434\u043d\u044b\u0435 \u0434\u0435\u0439\u0441\u0442\u0432\u0438\u044f \u0411\u0430\u0440\u0441\u0430,\u043d\u043e \u0438 \u0438\u043d\u0434\u0438\u0432\u0438\u0434\u0443\u0430\u043b\u044c\u043d\u043e\u0435 \u043c\u0430\u0441\u0442\u0435\u0440\u0441\u0442\u0432\u043e \u0438\u0433\u0440\u043e\u043a\u043e\u0432. \u0424\u0443\u0442\u0431\u043e\u043b\u0438\u0441\u0442\u044b \u0410\u043b\u0430\u043d\u0438\u0438 \u0436\u0435, \u0442\u043e \u043b\u0438 \"\u043f\u0435\u0440\u0435\u0433\u043e\u0440\u0435\u043b\u0438\",\u0442\u043e \u043b\u0438 \u043d\u0435 \u0432\u044b\u043f\u043e\u043b\u043d\u0438\u043b\u0438 \u0443\u0441\u0442\u0430\u043d\u043e\u0432\u043a\u0443 \u043d\u0430 \u043c\u0430\u0442\u0447,\u043d\u043e \u043a\u043e\u043c\u0430\u043d\u0434\u0430 \u043d\u0435 \u0431\u044b\u043b\u0430 \u043f\u043e\u0445\u043e\u0436\u0430 \u0441\u0430\u043c\u0430 \u043d\u0430 \u0441\u0435\u0431\u044f. \u0412 \u0438\u0442\u043e\u0433\u0435 \u043f\u043e\u0431\u0435\u0434\u0430 \u0411\u0430\u0440\u0441\u0430 6:2.\r\n\r\n\r\n\u0414\u0430\u043b\u0435\u0435 \u0432 \u0437\u0438\u043c\u043d\u0438\u0439 \u0441\u0435\u0437\u043e\u043d \u0432\u0441\u0442\u0443\u043f\u0438\u043b\u0438 \u042d\u043b\u044c-\u041f\u043e\u043b\u0435 \u0438 \u042e\u0436\u043d\u044b\u0439. \u041c\u0430\u0442\u0447 \u043e\u0431\u0435\u0449\u0430\u043b \u0431\u044b\u0442\u044c \u0437\u0440\u0435\u043b\u0438\u0449\u043d\u044b\u043c \u0438 \u043a\u043e\u043c\u0430\u043d\u0434\u044b \u043e\u043f\u0440\u0430\u0432\u0434\u0430\u043b\u0438 \u043e\u0436\u0438\u0434\u0430\u043d\u0438\u044f. \u042e\u0436\u043d\u044b\u0439 \u043f\u043e\u0441\u043b\u0435 \u0433\u043e\u0434\u0438\u0447\u043d\u043e\u0433\u043e \u043f\u0435\u0440\u0435\u0440\u044b\u0432\u0430 \u043d\u0435 \u0441\u0442\u0430\u043b \u0434\u043e\u043b\u0433\u043e \u0440\u0430\u0441\u043a\u0430\u0447\u0438\u0432\u0430\u0442\u044c\u0441\u044f \u0438 \u0432 \u0441\u0430\u043c\u043e\u043c \u043d\u0430\u0447\u0430\u043b\u0435 \u043c\u0430\u0442\u0447\u0430 \u043e\u0442\u043a\u0440\u044b\u043b\u0438 \u0441\u0447\u0451\u0442. \u042d\u043b\u044c-\u041f\u043e\u043b\u0435 \u043d\u0435 \u0438\u0437 \u0442\u0435\u0445 \u043a\u043e\u0433\u043e \u0442\u0430\u043a\u043e\u0435 \u043c\u043e\u0436\u0435\u0442 \u0432\u044b\u0431\u0438\u0442\u044c \u0438\u0437 \u043a\u043e\u043b\u0435\u0438 \u0438 \u0441\u043a\u043e\u0440\u043e \u043d\u0435 \u0442\u043e\u043b\u044c\u043a\u043e \u0441\u0440\u0430\u0432\u043d\u044f\u043b\u0438 \u0441\u0447\u0451\u0442,\u043d\u043e \u0438 \u0432\u044b\u0448\u043b\u0438 \u0432\u043f\u0435\u0440\u0451\u0434. \u0412 \u0438\u0442\u043e\u0433\u0435 \u043f\u043e\u0431\u0435\u0434\u0430 \u043d\u043e\u0433\u043e\u0440\u0446\u0435\u0432 6:3. \u0410 \u042e\u0436\u043d\u044b\u0439 \u0435\u0449\u0451 \u0441\u0432\u043e\u0438 \u043e\u0447\u043a\u0438 \u0431\u0443\u0434\u0435\u0442 \u043d\u0430\u0431\u0438\u0440\u0430\u0442\u044c, \u0432\u0435\u0434\u044c \u043a\u043e\u043c\u0430\u043d\u0434\u0430 \u043e\u0447\u0435\u043d\u044c \u0441\u0438\u043b\u044c\u043d\u0430\u044f.\r\n\r\n\r\n\u0414\u0430\u043b\u0435\u0435 \u0412\u0430\u0448\u0438\u043d\u0433\u0442\u043e\u043d \u044d\u043a\u0437\u0430\u043c\u0435\u043d\u043e\u0432\u0430\u043b \u0427\u0435\u0440\u043c\u0435\u043d-\u041a\u0438\u043c\u043c\u0435\u0440\u0438 \u0438 \u043d\u043e\u0432\u0438\u0447\u043e\u043a \u044d\u043a\u0437\u0430\u043c\u0435\u043d \u043f\u0440\u043e\u0432\u0430\u043b\u0438\u043b. \u0412\u0430\u0448\u0438\u043d\u0433\u0442\u043e\u043d \u043a\u0430\u0442\u043a\u043e\u043c \u043f\u0440\u043e\u0448\u0451\u043b\u0441\u044f \u043f\u043e \u043a\u043e\u043c\u0430\u043d\u0434\u0435 \u0438\u0437 \u0427\u0435\u0440\u043c\u0435\u043d\u0430 \u0431\u0435\u0437 \u043d\u0435\u0441\u043a\u043e\u043b\u044c\u043a\u0438\u0445 \u043b\u0438\u0434\u0435\u0440\u043e\u0432 \u0438 \u0432 \u0438\u0442\u043e\u0433\u0435 \u0441\u0430\u043c\u044b\u0439 \u043a\u0440\u0443\u043f\u043d\u044b\u0439 \u0440\u0430\u0437\u0433\u0440\u043e\u043c \u0442\u0443\u0440\u0430 12:2.\r\n\r\n\r\n\u041f\u043e\u0441\u043b\u0435 \u0432 \u0431\u043e\u0440\u044c\u0431\u0443 \u0432\u0441\u0442\u0443\u043f\u0438\u043b\u0438 \u0413\u0438\u0437\u0435\u043b\u044c \u0438 \u0418\u0440\u0438\u0441\u0442\u043e\u043d. \u0412 \u044d\u0442\u043e\u0439 \u0438\u0433\u0440\u0435 \u0413\u0438\u0437\u0435\u043b\u044c \u0434\u043e\u043a\u0430\u0437\u0430\u043b\u0430, \u0447\u0442\u043e \u043c\u0438\u043d\u0438 \u0444\u0443\u0442\u0431\u043e\u043b \u044d\u0442\u043e \u043d\u0435 \u0438\u0445 \u0444\u043e\u0440\u043c\u0430\u0442. \u0418\u0440\u0438\u0441\u0442\u043e\u043d \u0436\u0435 \u043f\u043e\u043a\u0430\u0437\u0430\u043b \u0441\u0432\u043e\u0439 \u043e\u0433\u0440\u043e\u043c\u043d\u044b\u0439 \u043f\u043e\u0442\u0435\u043d\u0446\u0438\u0430\u043b,\u0431\u043e\u0433\u0430\u0442\u044b\u0439 \u0444\u0443\u0442\u0431\u043e\u043b\u044c\u043d\u044b\u0439 \u043e\u043f\u044b\u0442 \u0438 \u043d\u0435 \u043e\u0441\u0442\u0430\u0432\u0438\u043b \u0434\u0440\u0443\u0436\u0438\u043d\u0435 \u041f\u0445\u0430\u043b\u0430\u0433\u043e\u0432\u0430 \u043d\u0438 \u0435\u0434\u0438\u043d\u043e\u0433\u043e \u0448\u0430\u043d\u0441\u0430. \u0412 \u0438\u0442\u043e\u0433\u0435 \u043f\u043e\u0431\u0435\u0434\u0430 \u0418\u0440\u0438\u0441\u0442\u043e\u043d\u0430 8:3.\r\n\r\n\r\n\u0418\u0433\u0440\u043e\u0432\u043e\u0439 \u0434\u0435\u043d\u044c \u0437\u0430\u043a\u0440\u044b\u0432\u0430\u043b\u0438 \u041d\u0430\u0440\u0442 \u0438 \u041d\u0438\u0446\u0446\u0430 (\u0432 \u043f\u043e\u0441\u043b\u0435\u0434\u043d\u0438\u0439 \u043c\u043e\u043c\u0435\u043d\u0442 \u0413\u043e\u0440\u0435\u0446 \u0440\u0435\u0448\u0438\u043b \u0441\u043c\u0435\u043d\u0438\u0442\u044c \u043d\u0430\u0437\u0432\u0430\u043d\u0438\u0435). \u0414\u043e\u043b\u0433\u043e\u0435 \u0432\u0440\u0435\u043c\u044f \u0438\u0433\u0440\u0430 \u043f\u0440\u043e\u0445\u043e\u0434\u0438\u043b\u0430 \u043d\u0430 \u0440\u0430\u0432\u043d\u044b\u0445. \u041d\u0430\u0440\u0442 \u043e\u0442\u043a\u0440\u044b\u043b \u0441\u0447\u0451\u0442, \u041d\u0438\u0446\u0446\u0430,\u0445\u043e\u0442\u044c \u0438 \u0431\u0435\u0437 \u0411\u0430\u043b\u043e\u0442\u0435\u043b\u043b\u0438,\u043d\u043e \u0441\u0447\u0451\u0442 \u0441\u0440\u0430\u0432\u043d\u044f\u043b\u0430. \u041a\u043e\u043c\u0430\u043d\u0434\u044b \u043d\u0435 \u0449\u0430\u0434\u0438\u043b\u0438 \u043d\u0438 \u0441\u0435\u0431\u044f,\u043d\u0438 \u0441\u043e\u043f\u0435\u0440\u043d\u0438\u043a\u0430 \u0438 \u0432\u0435\u043b\u0438 \u043c\u0443\u0436\u0441\u043a\u0443\u044e \u0431\u043e\u0440\u044c\u0431\u0443. \u041d\u043e \u043a\u043b\u0430\u0441\u0441 \u0438 \u0444\u0438\u0437\u0438\u0447\u0435\u0441\u043a\u043e\u0435 \u0441\u043e\u0441\u0442\u043e\u044f\u043d\u0438\u0435 \u041d\u0430\u0440\u0442\u0430 \u0432\u0437\u044f\u043b\u0438 \u0441\u0432\u043e\u0451. 6:2.",
      "is_visible": true,
      "image": "news/1.jpg",
      "created_at": "2017-10-31T23:49:46.187Z",
      "updated_at": "2017-10-31T23:50:13.978Z"
    }
  },
  {
    "model": "news.news",
    "pk": 10,
    "fields": {
      "title": "\u0420\u0435\u0437\u0443\u043b\u044c\u0442\u0430\u0442\u044b \u0441\u0443\u0431\u0431\u043e\u0442\u043d\u0438\u0445 \u043c\u0430\u0442\u0447\u0435\u0439 2-\u0433\u043e \u0442\u0443\u0440\u0430",
      "text": "\u0417\u0438\u043c\u043d\u0438\u0439 \u0447\u0435\u043c\u043f\u0438\u043e\u043d\u0430\u0442 \u0410\u0424\u041b/Z&Men.\r\n2 \u0442\u0443\u0440. \u0420\u0435\u0437\u0443\u043b\u044c\u0442\u0430\u0442\u044b \u0441\u0443\u0431\u0431\u043e\u0442\u043d\u0438\u0445 \u043c\u0430\u0442\u0447\u0435\u0439:\r\n\r\n\u0413\u043e\u0440\u043e\u0436\u0430\u043d\u0438\u043d - \u041b\u0418\u0414\u0421 0:5 (\u0442\u0435\u0445\u043d\u0438\u0447\u0435\u0441\u043a\u043e\u0435 \u043f\u043e\u0440\u0430\u0436\u0435\u043d\u0438\u0435)\r\n\u0418\u0440\u0438\u0441\u0442\u043e\u043d - \u042d\u043b\u044c-\u041f\u043e\u043b\u0435 1:3\r\n\u042d\u043b\u0435\u043a\u0442\u0440\u043e\u0446\u0438\u043d\u043a - \u0412\u0430\u0448\u0438\u043d\u0433\u0442\u043e\u043d 3:6\r\n\u0421\u0443\u043d\u0436\u0430 - \u0427\u0435\u0440\u043c\u0435\u043d-\u041a\u0438\u043c\u043c\u0435\u0440\u0438 7:9\r\n\u0424\u0430\u0432\u043e\u0440\u0438\u0442 - \u041b\u0438\u0432\u0435\u0440\u043f\u0443\u043b\u044c 4:6",
      "is_visible": true,
      "image": "news/2.jpg",
      "created_at": "2017-10-31T23:54:54.620Z",
      "updated_at": "2017-10-31T23:54:54.620Z"
    }
  },
  {
    "model": "news.news",
    "pk": 11,
    "fields": {
      "title": "\u0420\u0435\u0437\u0443\u043b\u044c\u0442\u0430\u0442\u044b \u0432\u043e\u0441\u043a\u0440\u0435\u0441\u043d\u044b\u0445 \u043c\u0430\u0442\u0447\u0435\u0439 2-\u0442\u0443\u0440\u0430",
      "text": "\u0420\u0435\u0437\u0443\u043b\u044c\u0442\u0430\u0442\u044b \u0432\u043e\u0441\u043a\u0440\u0435\u0441\u043d\u044b\u0445 \u043c\u0430\u0442\u0447\u0435\u0439 2-\u0442\u0443\u0440\u0430 \u0417\u0438\u043c\u043d\u0435\u0433\u043e \u0447\u0435\u043c\u043f\u0438\u043e\u043d\u0430\u0442\u0430\r\n\r\n\u0411\u0430\u0440\u0441 1 -1 \u0418\u0440\u044b\u0441\u0442\u043e\u043d\u044b \u0443\u0430\u0440\u0442\r\n\u0421\u043f\u0443\u0442\u043d\u0438\u043a 1-5 \u0410\u043b\u0430\u043d\u0438\u044f-2015\r\n\u041d\u0438\u0446\u0446\u0430 1-4 \u0411\u0435\u0441\u043b\u0430\u043d-\u041c\r\n\u0413\u0438\u0437\u0435\u043b\u044c 4-3 \u041d\u0430\u0440\u0442\r\n\u042e\u0436\u043d\u044b\u0439 1-6 \u0421\u043f\u0430\u0440\u0442\u0430\u043a",
      "is_visible": true,
      "image": "news/3.jpg",
      "created_at": "2017-10-31T23:58:46.455Z",
      "updated_at": "2017-10-31T23:58:46.455Z"
    }
  },
  {
    "model": "contacts.contact",
    "pk": 1,
    "fields": {
      "title": "\u0423 \u0432\u0430\u0441 \u0435\u0441\u0442\u044c \u0432\u043e\u043f\u0440\u043e\u0441\u044b \u043a \u043d\u0430\u043c?",
      "text": "\u0415\u0441\u043b\u0438 \u0445\u043e\u0442\u0438\u0442\u0435 \u0441\u0432\u044f\u0437\u0430\u0442\u044c\u0441\u044f \u0441 \u043d\u0430\u043c\u0438, \u0442\u043e \u0432\u044b \u043c\u043e\u0436\u0435\u0442\u0435 \u044d\u0442\u043e \u0441\u0434\u0435\u043b\u0430\u0442\u044c \u0441 \u043f\u043e\u043c\u043e\u0449\u044c\u044e E-Mail, \u0442\u0435\u043b\u0435\u0444\u043e\u043d\u0430 \u0438\u043b\u0438 \u043d\u0430\u043f\u0438\u0441\u0430\u0442\u044c \u043d\u0430\u043c \u0441\u043e\u043e\u0431\u0449\u0435\u043d\u0438\u0435 \u043f\u0440\u044f\u043c\u043e \u0441 \u044d\u0442\u043e\u0439 \u0441\u0442\u0440\u0430\u043d\u0438\u0446\u044b.",
      "phones": "+7(900)900-900-00",
      "emails": "info@afl15.ru"
    }
  },
  {
    "model": "team.teammember",
    "pk": 3,
    "fields": {
      "name": "\u041b\u0435\u0433\u043e\u0435\u0432 \u0420\u0443\u0441\u0442\u0435\u043c",
      "position": "\u041e\u0442\u0432\u0435\u0442\u0441\u0442\u0432\u0435\u043d\u043d\u044b\u0439 \u0437\u0430 \u0444\u0438\u043d\u0430\u043d\u0441\u043e\u0432\u043e\u0435 \u0445\u043e\u0437\u044f\u0439\u0441\u0442\u0432\u043e \u0410\u0424\u041b",
      "photo": "",
      "text": null,
      "email": null,
      "phone": null,
      "is_visible": true,
      "created_at": "2017-10-19T10:49:50.710Z",
      "updated_at": "2017-10-19T10:49:50.710Z"
    }
  },
  {
    "model": "team.teammember",
    "pk": 4,
    "fields": {
      "name": "\u041c\u043e\u0437\u0433\u043e\u0432\u043e\u0439 \u0410\u043d\u0442\u043e\u043d",
      "position": "\u041e\u0442\u0432\u0435\u0442\u0441\u0442\u0432\u0435\u043d\u043d\u044b\u0439 \u0437\u0430 \u0444\u0438\u043d\u0430\u043d\u0441\u043e\u0432\u043e\u0435 \u0445\u043e\u0437\u044f\u0439\u0441\u0442\u0432\u043e \u0410\u0424\u041b",
      "photo": "",
      "text": null,
      "email": null,
      "phone": null,
      "is_visible": true,
      "created_at": "2017-10-19T10:50:01.520Z",
      "updated_at": "2017-10-19T10:50:01.520Z"
    }
  },
  {
    "model": "settings.footersettings",
    "pk": 1,
    "fields": {
      "information_block_title": "\u0418\u043d\u0444\u043e\u0440\u043c\u0430\u0446\u0438\u044f",
      "information_block_text": "<p>About Unify dolor sit amet, consectetur adipiscing elit. Maecenas eget nisl id libero tincidunt sodales.</p>",
      "contacts_block_html": "<address class=\"g-bg-no-repeat g-font-size-12 mb-0\" style=\"background-image: url(/static/assets/img/maps/map2.png);\">\r\n    <!-- Phone -->\r\n    <div class=\"d-flex g-mb-20\">\r\n        <div class=\"g-mr-10\">\r\n            <span class=\"u-icon-v3 u-icon-size--xs g-bg-white-opacity-0_1 g-color-white-opacity-0_6\">\r\n            <i class=\"fa fa-phone\"></i>\r\n            </span>\r\n        </div>\r\n        <p class=\"mb-0\">(+123) 456 7890 <br> (+123) 456 7891 \u0413\u043e\u0440\u044f\u0447\u0438\u0438 \u043b\u0438\u043d\u0438\u0438</p>\r\n    </div>\r\n    <!-- End Phone -->\r\n    <!-- Location -->\r\n    <div class=\"d-flex g-mb-20\">\r\n        <div class=\"g-mr-10\">\r\n            <span class=\"u-icon-v3 u-icon-size--xs g-bg-white-opacity-0_1 g-color-white-opacity-0_6\">\r\n            <i class=\"fa fa-map-marker\"></i>\r\n            </span>\r\n        </div>\r\n        <p class=\"mb-0\">\u0433. \u0412\u043b\u0430\u0434\u0438\u043a\u0430\u0432\u043a\u0430\u0437, <br> \u0443\u043b. \u041a\u043e\u043c\u0441\u043e\u043c\u043e\u043b\u044c\u0441\u043a\u0430\u044f, 31</p>\r\n    </div>\r\n    <!-- End Location -->\r\n    <!-- Email and Website -->\r\n    <div class=\"d-flex g-mb-20\">\r\n        <div class=\"g-mr-10\">\r\n            <span class=\"u-icon-v3 u-icon-size--xs g-bg-white-opacity-0_1 g-color-white-opacity-0_6\">\r\n            <i class=\"fa fa-globe\"></i>\r\n            </span>\r\n        </div>\r\n        <p class=\"mb-0\">\r\n            <a class=\"g-color-white-opacity-0_8 g-color-white--hover\" href=\"mailto:info@htmlstream.com\">info@afliga.ru</a>\r\n            <br>\r\n            <a class=\"g-color-white-opacity-0_8 g-color-white--hover\" href=\"#\">afliga.ru</a>\r\n        </p>\r\n    </div>\r\n    <!-- End Email and Website -->\r\n</address>",
      "facebook_link": "#",
      "vk_link": "#",
      "twitter_link": "#",
      "google_link": "#",
      "copyrights_block_html": "<p>\u00a9 \u041f\u043e\u0440\u0442\u0430\u043b \"\u041e\u0442\u043a\u0440\u044b\u0442\u044b\u0439 \u0440\u0435\u0433\u0438\u043e\u043d-\u042e\u0433\u0440\u0430\"<br>\u0421\u0432\u0438\u0434\u0435\u0442\u0435\u043b\u044c\u0441\u0442\u0432\u043e \u043e \u0440\u0435\u0433\u0438\u0441\u0442\u0440\u0430\u0446\u0438\u0438 \u0421\u041c\u0418 \u042d\u043b \u2116\u0424\u042177-69468 <br>\u0432\u044b\u0434\u0430\u043d\u043e \u0420\u043e\u0441\u043a\u043e\u043c\u043d\u0430\u0434\u0437\u0445\u043e\u0440\u043e\u043c 14.04.2017, 12+</p>"
    }
  },
  {
    "model": "settings.banner",
    "pk": 1,
    "fields": {
      "title": "\u0411\u0430\u043d\u043d\u0435\u0440 1",
      "is_visible": true,
      "link": "#",
      "image": "banners/1.jpg",
      "created_at": "2017-10-25T08:14:07.989Z",
      "updated_at": "2017-10-25T08:14:07.989Z"
    }
  },
  {
    "model": "settings.banner",
    "pk": 2,
    "fields": {
      "title": "Z&Men",
      "is_visible": true,
      "link": "https://www.instagram.com/zetmen_/",
      "image": "banners/IMG_1583-17-04-17-10-38.jpeg",
      "created_at": "2017-10-25T08:14:17.909Z",
      "updated_at": "2017-11-06T21:17:46.768Z"
    }
  },
  {
    "model": "settings.banner",
    "pk": 3,
    "fields": {
      "title": "Radio IR",
      "is_visible": true,
      "link": "http://tvradioir.ru",
      "image": "banners/3d0f4295-f7d1-4259-e12b-ae92e8d250d3.jpg",
      "created_at": "2017-10-25T08:14:27.219Z",
      "updated_at": "2017-11-07T04:55:53.763Z"
    }
  },
  {
    "model": "settings.banner",
    "pk": 4,
    "fields": {
      "title": "\u0411\u0430\u043d\u043d\u0435\u0440 4",
      "is_visible": true,
      "link": "#",
      "image": "banners/4.jpg",
      "created_at": "2017-10-25T08:14:37.771Z",
      "updated_at": "2017-10-25T08:14:37.771Z"
    }
  },
  {
    "model": "settings.personwidget",
    "pk": 1,
    "fields": {
      "title": "\u041f\u0435\u0440\u0441\u043e\u043d\u0430",
      "player": 31,
      "is_visible": true
    }
  },
  {
    "model": "photogallery.gallery",
    "pk": 1,
    "fields": {
      "title": "\u0413\u0430\u043b\u0435\u0440\u0435\u044f 1",
      "is_visible": true,
      "created_at": "2017-10-24T10:42:27.676Z",
      "updated_at": "2017-10-24T10:42:27.676Z"
    }
  },
  {
    "model": "photogallery.gallery",
    "pk": 2,
    "fields": {
      "title": "\u0413\u0430\u043b\u0435\u0440\u0435\u044f 2",
      "is_visible": true,
      "created_at": "2017-10-24T10:53:13.398Z",
      "updated_at": "2017-10-24T10:53:13.398Z"
    }
  },
  {
    "model": "photogallery.photo",
    "pk": 1,
    "fields": {
      "image": "photo-gallery/1/img1.jpg",
      "gallery": 1,
      "is_visible": true,
      "created_at": "2017-10-24T10:43:24.521Z",
      "updated_at": "2017-10-24T10:43:24.521Z"
    }
  },
  {
    "model": "photogallery.photo",
    "pk": 2,
    "fields": {
      "image": "photo-gallery/1/img1_0Glq8Kr.jpg",
      "gallery": 1,
      "is_visible": true,
      "created_at": "2017-10-24T10:44:10.766Z",
      "updated_at": "2017-10-24T10:44:10.766Z"
    }
  },
  {
    "model": "photogallery.photo",
    "pk": 3,
    "fields": {
      "image": "photo-gallery/1/img1_Tn0JuUO.jpg",
      "gallery": 1,
      "is_visible": true,
      "created_at": "2017-10-24T10:44:16.984Z",
      "updated_at": "2017-10-24T10:44:16.984Z"
    }
  },
  {
    "model": "photogallery.photo",
    "pk": 4,
    "fields": {
      "image": "photo-gallery/1/img1_letLMpL.jpg",
      "gallery": 1,
      "is_visible": true,
      "created_at": "2017-10-24T10:44:23.698Z",
      "updated_at": "2017-10-24T10:44:23.698Z"
    }
  },
  {
    "model": "photogallery.photo",
    "pk": 5,
    "fields": {
      "image": "photo-gallery/1/img1_QIpYShT.jpg",
      "gallery": 1,
      "is_visible": true,
      "created_at": "2017-10-24T10:44:30.210Z",
      "updated_at": "2017-10-24T10:44:30.210Z"
    }
  },
  {
    "model": "photogallery.photo",
    "pk": 6,
    "fields": {
      "image": "photo-gallery/1/img1_48p8akJ.jpg",
      "gallery": 1,
      "is_visible": true,
      "created_at": "2017-10-24T10:45:13.820Z",
      "updated_at": "2017-10-24T10:54:40.220Z"
    }
  },
  {
    "model": "photogallery.photo",
    "pk": 7,
    "fields": {
      "image": "photo-gallery/1/img1_LFKccQD.jpg",
      "gallery": 1,
      "is_visible": true,
      "created_at": "2017-10-24T10:45:52.034Z",
      "updated_at": "2017-10-24T10:54:39.894Z"
    }
  },
  {
    "model": "photogallery.photo",
    "pk": 8,
    "fields": {
      "image": "photo-gallery/2/img1.jpg",
      "gallery": 2,
      "is_visible": true,
      "created_at": "2017-10-24T10:53:34.677Z",
      "updated_at": "2017-10-24T10:53:34.677Z"
    }
  },
  {
    "model": "photogallery.photo",
    "pk": 9,
    "fields": {
      "image": "photo-gallery/2/img1_5mzqDJi.jpg",
      "gallery": 2,
      "is_visible": true,
      "created_at": "2017-10-24T10:53:43.045Z",
      "updated_at": "2017-10-24T10:53:43.045Z"
    }
  },
  {
    "model": "photogallery.photo",
    "pk": 10,
    "fields": {
      "image": "photo-gallery/2/img1_cDxjzhT.jpg",
      "gallery": 2,
      "is_visible": true,
      "created_at": "2017-10-24T10:53:49.500Z",
      "updated_at": "2017-10-24T10:53:49.500Z"
    }
  },
  {
    "model": "photogallery.photo",
    "pk": 11,
    "fields": {
      "image": "photo-gallery/2/img1_BkmXIQC.jpg",
      "gallery": 2,
      "is_visible": true,
      "created_at": "2017-10-24T10:53:58.468Z",
      "updated_at": "2017-10-24T10:53:58.468Z"
    }
  },
  {
    "model": "photogallery.photo",
    "pk": 12,
    "fields": {
      "image": "photo-gallery/2/img1_fQwNdzM.jpg",
      "gallery": 2,
      "is_visible": true,
      "created_at": "2017-10-24T10:54:23.537Z",
      "updated_at": "2017-10-24T10:54:23.537Z"
    }
  },
  {
    "model": "videogallery.video",
    "pk": 1,
    "fields": {
      "title": "\u0418\u0440\u0438\u0441\u0442\u043e\u043d - \u042d\u043b\u044c-\u041f\u043e\u043b\u0435. 2-\u0439 \u0442\u0430\u0439\u043c",
      "youtube_id": "G5lkfEpbrxs",
      "is_visible": true,
      "created_at": "2017-10-24T13:49:20.345Z",
      "updated_at": "2017-11-01T00:03:18.402Z"
    }
  },
  {
    "model": "videogallery.video",
    "pk": 2,
    "fields": {
      "title": "\u0421\u0443\u043d\u0436\u0430 - \u0427\u0435\u0440\u043c\u0435\u043d-\u041a\u0438\u043c\u043c\u0435\u0440\u0438. 1 \u0442\u0430\u0439\u043c.",
      "youtube_id": "3q8IlKV7X5w",
      "is_visible": true,
      "created_at": "2017-10-24T13:49:26.065Z",
      "updated_at": "2017-11-01T00:04:22.474Z"
    }
  },
  {
    "model": "videogallery.video",
    "pk": 3,
    "fields": {
      "title": "\u0421\u0443\u043d\u0436\u0430 - \u0427\u0435\u0440\u043c\u0435\u043d-\u041a\u0438\u043c\u043c\u0435\u0440\u0438. 2 \u0442\u0430\u0439\u043c.",
      "youtube_id": "XEwAqZ4M6YE",
      "is_visible": true,
      "created_at": "2017-10-24T13:49:33.055Z",
      "updated_at": "2017-11-01T00:01:50.821Z"
    }
  },
  {
    "model": "videogallery.video",
    "pk": 4,
    "fields": {
      "title": "\u0418\u0440\u044b\u0441\u0442\u043e\u043d\u044b \u0423\u0430\u0440\u0442 - \u0427\u0435\u0440\u043c\u0435\u043d-\u041a\u0438\u043c\u043c\u0435\u0440\u0438. 1 \u0442\u0430\u0439\u043c.",
      "youtube_id": "ZbKle95-rn4",
      "is_visible": true,
      "created_at": "2017-11-06T20:18:50.520Z",
      "updated_at": "2017-11-06T20:18:50.520Z"
    }
  },
  {
    "model": "videogallery.video",
    "pk": 5,
    "fields": {
      "title": "\u0418\u0440\u044b\u0441\u0442\u043e\u043d\u044b \u0423\u0430\u0440\u0442 - \u0427\u0435\u0440\u043c\u0435\u043d-\u041a\u0438\u043c\u043c\u0435\u0440\u0438. 2 \u0442\u0430\u0439\u043c.",
      "youtube_id": "G1_ZS3lN18Y",
      "is_visible": true,
      "created_at": "2017-11-06T20:20:33.049Z",
      "updated_at": "2017-11-06T20:20:33.049Z"
    }
  },
  {
    "model": "videogallery.video",
    "pk": 6,
    "fields": {
      "title": "\u042d\u043b\u0435\u043a\u0442\u0440\u043e\u0446\u0438\u043d\u043a - \u041d\u0430\u0440\u0442. 1 \u0442\u0430\u0439\u043c",
      "youtube_id": "E4J7tD9E4aM",
      "is_visible": true,
      "created_at": "2017-11-06T20:21:39.366Z",
      "updated_at": "2017-11-06T20:21:39.366Z"
    }
  },
  {
    "model": "videogallery.video",
    "pk": 7,
    "fields": {
      "title": "\u042d\u043b\u0435\u043a\u0442\u0440\u043e\u0446\u0438\u043d\u043a - \u041d\u0430\u0440\u0442. 2 \u0442\u0430\u0439\u043c",
      "youtube_id": "3UZL2IlBKds",
      "is_visible": true,
      "created_at": "2017-11-06T20:22:23.153Z",
      "updated_at": "2017-11-06T20:22:23.153Z"
    }
  },
  {
    "model": "league.team",
    "pk": 1,
    "fields": {
      "title": "\u0424\u041a \"\u0428\u0430\u0445\u0442\u0451\u0440\" \u0421\u0430\u0434\u043e\u043d",
      "description": "\u041e\u043f\u0438\u0441\u0430\u043d\u0438\u0435 \u043a\u043e\u043c\u0430\u043d\u0434\u044b.",
      "logo": "teams/KkOO4_JI-Ik.jpg",
      "created_at": "2017-10-26T09:08:35.192Z",
      "updated_at": "2017-10-27T22:00:31.963Z"
    }
  },
  {
    "model": "league.team",
    "pk": 2,
    "fields": {
      "title": "\u0424\u041a \"\u0413\u0430\u043b\u043e\u043d\"",
      "description": "",
      "logo": "teams/zUYYZgJrI-s.jpg",
      "created_at": "2017-10-26T11:11:17.428Z",
      "updated_at": "2017-10-27T22:00:06.761Z"
    }
  },
  {
    "model": "league.team",
    "pk": 3,
    "fields": {
      "title": "\u041b\u0438\u0434\u0441-12",
      "description": "",
      "logo": "teams/FLju6B4jtW4.jpg",
      "created_at": "2017-10-27T21:55:12.136Z",
      "updated_at": "2017-10-27T21:59:39.112Z"
    }
  },
  {
    "model": "league.team",
    "pk": 4,
    "fields": {
      "title": "\u041d\u0430\u0440\u0442",
      "description": "",
      "logo": "teams/\u0424\u041a_\u041d\u0430\u0440\u0442_\u042d\u043c\u0431\u043b\u0435\u043c\u0430_\u0442\u0451\u043c\u043d\u043e-\u043a\u043e\u0440\u0438\u0447\u043d\u0435\u0432\u0439.png",
      "created_at": "2017-10-27T21:55:22.632Z",
      "updated_at": "2017-10-27T21:59:06.578Z"
    }
  },
  {
    "model": "league.team",
    "pk": 5,
    "fields": {
      "title": "\u0410\u0440\u0441\u0435\u043d\u0430\u043b",
      "description": "",
      "logo": "",
      "created_at": "2017-10-27T21:56:00.612Z",
      "updated_at": "2017-11-07T05:27:09.043Z"
    }
  },
  {
    "model": "league.team",
    "pk": 6,
    "fields": {
      "title": "\u0421\u043f\u0430\u0440\u0442\u0430\u043a",
      "description": "",
      "logo": "teams/\u0421\u043f\u0430\u0440\u0442\u0430\u043a_\u0410\u0424\u041b.png",
      "created_at": "2017-10-27T21:56:14.059Z",
      "updated_at": "2017-10-27T21:58:27.098Z"
    }
  },
  {
    "model": "league.team",
    "pk": 7,
    "fields": {
      "title": "\u0413\u043e\u0440\u043e\u0436\u0430\u043d\u0438\u043d",
      "description": "",
      "logo": "",
      "created_at": "2017-10-27T22:01:00.016Z",
      "updated_at": "2017-10-27T22:01:00.016Z"
    }
  },
  {
    "model": "league.team",
    "pk": 8,
    "fields": {
      "title": "\u0418\u0440\u0438\u0441\u0442\u043e\u043d",
      "description": "",
      "logo": "",
      "created_at": "2017-10-27T22:01:45.151Z",
      "updated_at": "2017-10-27T22:01:45.151Z"
    }
  },
  {
    "model": "league.team",
    "pk": 9,
    "fields": {
      "title": "\u042d\u043b\u044c-\u041f\u043e\u043b\u0435",
      "description": "",
      "logo": "",
      "created_at": "2017-10-27T22:02:07.069Z",
      "updated_at": "2017-10-27T22:02:07.069Z"
    }
  },
  {
    "model": "league.team",
    "pk": 10,
    "fields": {
      "title": "\u042d\u043b\u0435\u043a\u0442\u0440\u043e\u0446\u0438\u043d\u043a",
      "description": "",
      "logo": "teams/WhatsApp_Image_2017-10-09_at_19.40.27.jpeg",
      "created_at": "2017-10-27T22:02:37.735Z",
      "updated_at": "2017-10-27T22:02:37.735Z"
    }
  },
  {
    "model": "league.team",
    "pk": 11,
    "fields": {
      "title": "\u0412\u0430\u0448\u0438\u043d\u0433\u0442\u043e\u043d",
      "description": "",
      "logo": "",
      "created_at": "2017-10-27T22:03:13.889Z",
      "updated_at": "2017-10-27T22:03:13.889Z"
    }
  },
  {
    "model": "league.team",
    "pk": 12,
    "fields": {
      "title": "\u0421\u0443\u043d\u0436\u0430",
      "description": "",
      "logo": "",
      "created_at": "2017-10-27T22:03:25.334Z",
      "updated_at": "2017-10-27T22:03:25.334Z"
    }
  },
  {
    "model": "league.team",
    "pk": 13,
    "fields": {
      "title": "\u0427\u0435\u0440\u043c\u0435\u043d-\u041a\u0438\u043c\u043c\u0435\u0440\u0438",
      "description": "",
      "logo": "",
      "created_at": "2017-10-27T22:03:50.296Z",
      "updated_at": "2017-10-27T22:03:50.296Z"
    }
  },
  {
    "model": "league.team",
    "pk": 14,
    "fields": {
      "title": "\u0424\u0430\u0432\u043e\u0440\u0438\u0442",
      "description": "",
      "logo": "teams/\u0424\u0430\u0432\u043e\u0440\u0438\u0442.jpg",
      "created_at": "2017-10-27T22:04:14.887Z",
      "updated_at": "2017-10-27T22:04:14.887Z"
    }
  },
  {
    "model": "league.team",
    "pk": 15,
    "fields": {
      "title": "\u041b\u0438\u0432\u0435\u0440\u043f\u0443\u043b\u044c",
      "description": "",
      "logo": "teams/liverpool_fc_\u0432\u043b\u0430\u0434\u0438\u043a\u0430\u0432\u043a\u0430\u0437.png",
      "created_at": "2017-10-27T22:04:53.409Z",
      "updated_at": "2017-10-27T22:04:53.409Z"
    }
  },
  {
    "model": "league.team",
    "pk": 16,
    "fields": {
      "title": "\u0411\u0430\u0440\u0441",
      "description": "",
      "logo": "",
      "created_at": "2017-10-27T22:05:17.361Z",
      "updated_at": "2017-10-27T22:05:17.362Z"
    }
  },
  {
    "model": "league.team",
    "pk": 17,
    "fields": {
      "title": "\u0418\u0440\u044b\u0441\u0442\u043e\u043d\u044b \u0443\u0430\u0440\u0442",
      "description": "",
      "logo": "teams/\u0429\u0438\u0442_\u041e\u0441\u0435\u0442\u0438\u0438.jpeg",
      "created_at": "2017-10-27T22:05:54.920Z",
      "updated_at": "2017-10-27T22:05:54.921Z"
    }
  },
  {
    "model": "league.team",
    "pk": 18,
    "fields": {
      "title": "\u0421\u043f\u0443\u0442\u043d\u0438\u043a",
      "description": "",
      "logo": "",
      "created_at": "2017-10-27T22:06:10.454Z",
      "updated_at": "2017-10-27T22:06:10.454Z"
    }
  },
  {
    "model": "league.team",
    "pk": 19,
    "fields": {
      "title": "\u0410\u043b\u0430\u043d\u0438\u044f-2015",
      "description": "",
      "logo": "teams/\u0410\u043b\u0430\u043d\u0438\u044f_2015.jpg",
      "created_at": "2017-10-27T22:06:34.319Z",
      "updated_at": "2017-10-27T22:06:34.319Z"
    }
  },
  {
    "model": "league.team",
    "pk": 20,
    "fields": {
      "title": "\u0411\u0435\u0441\u043b\u0430\u043d-\u041c",
      "description": "",
      "logo": "",
      "created_at": "2017-10-27T22:06:53.495Z",
      "updated_at": "2017-10-27T22:06:53.495Z"
    }
  },
  {
    "model": "league.team",
    "pk": 21,
    "fields": {
      "title": "\u0413\u0438\u0437\u0435\u043b\u044c",
      "description": "",
      "logo": "",
      "created_at": "2017-10-27T22:07:19.252Z",
      "updated_at": "2017-10-27T22:07:19.252Z"
    }
  },
  {
    "model": "league.team",
    "pk": 22,
    "fields": {
      "title": "\u042e\u0436\u043d\u044b\u0439",
      "description": "",
      "logo": "",
      "created_at": "2017-10-27T22:07:31.588Z",
      "updated_at": "2017-10-27T22:07:31.589Z"
    }
  },
  {
    "model": "league.position",
    "pk": 1,
    "fields": {
      "title": "\u0412\u0440\u0430\u0442\u0430\u0440\u044c"
    }
  },
  {
    "model": "league.position",
    "pk": 2,
    "fields": {
      "title": "\u0417\u0430\u0449\u0438\u0442\u043d\u0438\u043a"
    }
  },
  {
    "model": "league.position",
    "pk": 3,
    "fields": {
      "title": "\u041f\u043e\u043b\u0443\u0437\u0430\u0449\u0438\u0442\u043d\u0438\u043a"
    }
  },
  {
    "model": "league.position",
    "pk": 4,
    "fields": {
      "title": "\u041d\u0430\u0434\u0430\u044e\u0449\u0438\u0439"
    }
  },
  {
    "model": "league.player",
    "pk": 1,
    "fields": {
      "name": "\u041c\u043e\u0437\u0433\u043e\u0432\u043e\u0439 \u0410\u043d\u0442\u043e\u043d",
      "team": 1,
      "photo": "players/1/1.jpg",
      "position": 2,
      "birth_date": "1985-06-18",
      "biography": "\u041e\u043f\u0438\u0441\u0430\u043d\u0438\u0435 \u0431\u0438\u043e\u0433\u0440\u0430\u0444\u0438\u0438 \u0438\u0433\u0440\u043e\u043a\u0430.",
      "created_at": "2017-10-26T10:09:35.558Z",
      "updated_at": "2017-10-26T10:09:35.558Z"
    }
  },
  {
    "model": "league.player",
    "pk": 2,
    "fields": {
      "name": "\u0414\u0436\u0430\u043d\u0430\u0435\u0432 \u0412\u0438\u0442\u0430\u043b\u0438\u0439 \u042e\u0440\u044c\u0435\u0432\u0438\u0447",
      "team": 17,
      "photo": "players/17/IMG_9838.JPG",
      "position": null,
      "birth_date": "1983-08-17",
      "biography": "",
      "created_at": "2017-10-27T22:22:30.042Z",
      "updated_at": "2017-10-27T22:51:59.619Z"
    }
  },
  {
    "model": "league.player",
    "pk": 3,
    "fields": {
      "name": "\u0421\u0438\u0442\u043e\u0445\u043e\u0432 \u0420\u0443\u0441\u043b\u0430\u043d \u0411\u043e\u0440\u0438\u0441\u043e\u0432\u0438\u0447",
      "team": 17,
      "photo": "players/17/IMG_9837.JPG",
      "position": 1,
      "birth_date": "1987-08-24",
      "biography": "",
      "created_at": "2017-10-27T22:24:38.560Z",
      "updated_at": "2017-10-27T22:24:38.561Z"
    }
  },
  {
    "model": "league.player",
    "pk": 4,
    "fields": {
      "name": "\u041a\u0430\u0439\u0441\u0438\u043d\u043e\u0432 \u0420\u0443\u0441\u0442\u0430\u043c \u0425\u0435\u0441\u0442\u0430\u043d\u043e\u0432\u0438\u0447",
      "team": 17,
      "photo": "players/17/IMG_9831.JPG",
      "position": 2,
      "birth_date": "1987-10-14",
      "biography": "",
      "created_at": "2017-10-27T22:37:45.792Z",
      "updated_at": "2017-10-27T22:37:45.792Z"
    }
  },
  {
    "model": "league.player",
    "pk": 5,
    "fields": {
      "name": "\u0414\u0437\u0435\u0431\u0438\u0441\u043e\u0432 \u0410\u043b\u044c\u0431\u0435\u0440\u0442 \u042d\u0434\u0443\u0430\u0440\u0434\u043e\u0432\u0438\u0447",
      "team": 17,
      "photo": "",
      "position": null,
      "birth_date": "1996-09-26",
      "biography": "",
      "created_at": "2017-10-27T22:39:06.673Z",
      "updated_at": "2017-10-27T22:40:32.285Z"
    }
  },
  {
    "model": "league.player",
    "pk": 6,
    "fields": {
      "name": "\u0422\u0430\u043a\u043e\u0435\u0432 \u041a\u043e\u043d\u0441\u0442\u0430\u043d\u0442\u0438\u043d \u041c\u0443\u0440\u0430\u0442\u043e\u0432\u0438\u0447",
      "team": 17,
      "photo": "players/17/IMG_9830.JPG",
      "position": 3,
      "birth_date": "1981-12-22",
      "biography": "",
      "created_at": "2017-10-27T22:40:19.822Z",
      "updated_at": "2017-10-27T22:40:19.822Z"
    }
  },
  {
    "model": "league.player",
    "pk": 7,
    "fields": {
      "name": "\u0410\u0439\u043b\u044f\u0440\u043e\u0432 \u041c\u0430\u0440\u0430\u0442 \u0425\u0430\u0437\u0431\u0430\u0442\u0440\u043e\u0432\u0438\u0447",
      "team": 17,
      "photo": "",
      "position": null,
      "birth_date": "1986-01-14",
      "biography": "",
      "created_at": "2017-10-27T22:41:39.297Z",
      "updated_at": "2017-10-27T22:41:39.297Z"
    }
  },
  {
    "model": "league.player",
    "pk": 8,
    "fields": {
      "name": "\u0413\u0430\u0433\u043a\u0430\u0435\u0432 \u0421\u043e\u0441\u043b\u0430\u043d \u0410\u043b\u0430\u043d\u043e\u0432\u0438\u0447",
      "team": 17,
      "photo": "players/17/IMG_9835.JPG",
      "position": 3,
      "birth_date": "1988-07-04",
      "biography": "",
      "created_at": "2017-10-27T22:42:42.337Z",
      "updated_at": "2017-10-27T22:42:42.337Z"
    }
  },
  {
    "model": "league.player",
    "pk": 9,
    "fields": {
      "name": "\u0411\u0438\u043b\u0430\u043e\u043d\u043e\u0432 \u041c\u0438\u0445\u0430\u0438\u043b \u041f\u0430\u0432\u043b\u043e\u0432\u0438\u0447",
      "team": 17,
      "photo": "",
      "position": 4,
      "birth_date": "1991-05-30",
      "biography": "",
      "created_at": "2017-10-27T22:43:54.121Z",
      "updated_at": "2017-10-27T22:43:54.121Z"
    }
  },
  {
    "model": "league.player",
    "pk": 10,
    "fields": {
      "name": "\u0422\u043e\u0433\u043e\u0435\u0432 \u0414\u0430\u0432\u0438\u0434 \u0413\u0438\u0432\u0438\u0435\u0432\u0438\u0447",
      "team": 17,
      "photo": "",
      "position": 3,
      "birth_date": "1984-02-17",
      "biography": "",
      "created_at": "2017-10-27T22:44:40.489Z",
      "updated_at": "2017-10-27T22:44:40.489Z"
    }
  },
  {
    "model": "league.player",
    "pk": 11,
    "fields": {
      "name": "\u041a\u0430\u0431\u0438\u0441\u043e\u0432 \u0410\u0440\u0441\u0435\u043d \u0420\u043e\u0431\u0435\u0440\u0442\u043e\u0432\u0438\u0447",
      "team": 17,
      "photo": "players/17/IMG_9833.JPG",
      "position": 3,
      "birth_date": "1993-04-18",
      "biography": "",
      "created_at": "2017-10-27T22:46:18.626Z",
      "updated_at": "2017-10-27T22:46:18.626Z"
    }
  },
  {
    "model": "league.player",
    "pk": 12,
    "fields": {
      "name": "\u041f\u0435\u0440\u0441\u0430\u0435\u0432 \u0425\u0435\u0442\u0430\u0433 \u0413\u0435\u0440\u043c\u0430\u043d\u043e\u0432\u0438\u0447",
      "team": 17,
      "photo": "",
      "position": null,
      "birth_date": "1992-08-21",
      "biography": "",
      "created_at": "2017-10-27T22:47:28.616Z",
      "updated_at": "2017-10-27T22:47:28.616Z"
    }
  },
  {
    "model": "league.player",
    "pk": 13,
    "fields": {
      "name": "\u0413\u0430\u043c\u0430\u043e\u043d\u043e\u0432 \u0421\u043e\u0441\u043b\u0430\u043d \u0413\u0435\u043e\u0440\u0433\u0438\u0435\u0432\u0438\u0447",
      "team": 17,
      "photo": "players/17/IMG_9836.JPG",
      "position": 2,
      "birth_date": "1992-02-06",
      "biography": "",
      "created_at": "2017-10-27T22:50:06.217Z",
      "updated_at": "2017-10-27T22:52:17.588Z"
    }
  },
  {
    "model": "league.player",
    "pk": 14,
    "fields": {
      "name": "\u0428\u0430\u0432\u043b\u043e\u0445\u043e\u0432 \u0414\u0430\u0432\u0438\u0434 \u0424\u0435\u043b\u0438\u043a\u0441\u043e\u0432\u0438\u0447",
      "team": 17,
      "photo": "",
      "position": 2,
      "birth_date": "1998-02-24",
      "biography": "",
      "created_at": "2017-10-27T22:53:00.029Z",
      "updated_at": "2017-10-27T22:53:00.029Z"
    }
  },
  {
    "model": "league.player",
    "pk": 15,
    "fields": {
      "name": "\u0414\u0437\u0430\u0445\u043e\u0432 \u0414\u0430\u0432\u0438\u0434 \u042e\u0440\u044c\u0435\u0432\u0438\u0447",
      "team": 17,
      "photo": "",
      "position": null,
      "birth_date": "1988-10-06",
      "biography": "",
      "created_at": "2017-10-27T22:53:40.503Z",
      "updated_at": "2017-10-27T22:53:40.503Z"
    }
  },
  {
    "model": "league.player",
    "pk": 16,
    "fields": {
      "name": "\u041c\u0435\u043b\u043a\u043e\u043d\u044f\u043d\u0446 \u0411\u0430\u0433\u0440\u0430\u0442 \u0413\u0435\u043e\u0440\u0433\u0438\u0435\u0432\u0438\u0447",
      "team": 17,
      "photo": "players/17/IMG_9829.JPG",
      "position": 4,
      "birth_date": "1989-06-08",
      "biography": "",
      "created_at": "2017-10-27T22:54:58.783Z",
      "updated_at": "2017-10-27T22:54:58.783Z"
    }
  },
  {
    "model": "league.player",
    "pk": 17,
    "fields": {
      "name": "\u0414\u0437\u0443\u043a\u0430\u0435\u0432 \u0425\u0435\u0442\u0430\u0433 \u041c\u0435\u0440\u0441\u0438\u043a\u043e\u0432\u0438\u0447",
      "team": 17,
      "photo": "players/17/IMG_9832.JPG",
      "position": 3,
      "birth_date": "2000-07-31",
      "biography": "",
      "created_at": "2017-10-27T22:56:38.913Z",
      "updated_at": "2017-10-27T22:56:38.913Z"
    }
  },
  {
    "model": "league.player",
    "pk": 18,
    "fields": {
      "name": "\u0414\u0436\u0438\u043e\u0435\u0432 \u0410\u0446\u0430\u043c\u0430\u0437 \u0420\u0430\u0434\u0438\u043e\u043d\u043e\u0432\u0438\u0447",
      "team": 18,
      "photo": "players/18/IMG_9708.JPG",
      "position": null,
      "birth_date": "1991-08-25",
      "biography": "",
      "created_at": "2017-10-27T23:16:25.166Z",
      "updated_at": "2017-10-27T23:16:25.166Z"
    }
  },
  {
    "model": "league.player",
    "pk": 19,
    "fields": {
      "name": "\u0414\u0436\u0438\u043e\u0435\u0432 \u0410\u0440\u043a\u0430\u0434\u0438\u0439 \u0420\u0430\u0434\u0438\u043e\u043d\u043e\u0432\u0438\u0447",
      "team": 18,
      "photo": "",
      "position": null,
      "birth_date": "1987-08-03",
      "biography": "",
      "created_at": "2017-10-27T23:17:59.907Z",
      "updated_at": "2017-10-27T23:17:59.907Z"
    }
  },
  {
    "model": "league.player",
    "pk": 20,
    "fields": {
      "name": "\u0412\u0430\u043b\u0438\u0435\u0432 \u0410\u043d\u0434\u0440\u0435\u0439 \u0422\u0430\u043c\u0430\u0437\u0438\u0435\u0432\u0438\u0447",
      "team": 18,
      "photo": "",
      "position": null,
      "birth_date": "1987-10-20",
      "biography": "",
      "created_at": "2017-10-27T23:18:39.292Z",
      "updated_at": "2017-10-27T23:18:39.292Z"
    }
  },
  {
    "model": "league.player",
    "pk": 21,
    "fields": {
      "name": "\u0412\u0430\u043b\u0438\u0435\u0432 \u0412\u0438\u0442\u0430\u043b\u0438\u0439 \u0412\u0438\u043a\u0442\u043e\u0440\u043e\u0432\u0438\u0447",
      "team": 18,
      "photo": "",
      "position": null,
      "birth_date": "1993-05-05",
      "biography": "",
      "created_at": "2017-10-27T23:19:24.642Z",
      "updated_at": "2017-10-27T23:19:24.642Z"
    }
  },
  {
    "model": "league.player",
    "pk": 22,
    "fields": {
      "name": "\u041c\u0443\u0437\u0430\u0435\u0432 \u041a\u043e\u0441\u0442\u0430 \u0422\u0430\u043c\u0430\u0437\u0438\u0435\u0432\u0438\u0447",
      "team": 18,
      "photo": "",
      "position": null,
      "birth_date": "1991-07-04",
      "biography": "",
      "created_at": "2017-10-27T23:20:12.574Z",
      "updated_at": "2017-10-27T23:20:12.574Z"
    }
  },
  {
    "model": "league.player",
    "pk": 23,
    "fields": {
      "name": "\u0425\u0430\u0440\u0435\u0431\u043e\u0432 \u0412\u0438\u0442\u0430\u043b\u0438\u0439 \u0420\u043e\u0431\u0435\u0440\u0442\u043e\u0432\u0438\u0447",
      "team": 18,
      "photo": "",
      "position": null,
      "birth_date": "1989-07-16",
      "biography": "",
      "created_at": "2017-10-27T23:21:49.905Z",
      "updated_at": "2017-10-27T23:21:49.905Z"
    }
  },
  {
    "model": "league.player",
    "pk": 24,
    "fields": {
      "name": "\u041a\u0443\u043b\u0443\u043c\u0431\u0435\u0433\u043e\u0432 \u041b\u0430\u0448\u0438\u043a\u043e \u0417\u0443\u0440\u0438\u0435\u0432\u0438\u0447",
      "team": 18,
      "photo": "players/18/IMG_9709.JPG",
      "position": null,
      "birth_date": "1990-08-25",
      "biography": "",
      "created_at": "2017-10-27T23:22:54.070Z",
      "updated_at": "2017-10-27T23:22:54.070Z"
    }
  },
  {
    "model": "league.player",
    "pk": 25,
    "fields": {
      "name": "\u041f\u043b\u0438\u0435\u0432 \u0413\u0435\u043e\u0440\u0433\u0438\u0439 \u0412\u0430\u0436\u0430\u0435\u0432\u0438\u0447",
      "team": 18,
      "photo": "",
      "position": null,
      "birth_date": "1981-09-23",
      "biography": "",
      "created_at": "2017-10-27T23:24:23.033Z",
      "updated_at": "2017-10-27T23:24:59.453Z"
    }
  },
  {
    "model": "league.player",
    "pk": 26,
    "fields": {
      "name": "\u0426\u0445\u043e\u0432\u0440\u0435\u0431\u043e\u0432 \u041f\u0451\u0442\u0440 \u0417\u0443\u0440\u0438\u0435\u0432\u0438\u0447",
      "team": 18,
      "photo": "players/18/IMG_9710_2XOHfrm.JPG",
      "position": null,
      "birth_date": "1992-08-08",
      "biography": "",
      "created_at": "2017-10-27T23:26:07.965Z",
      "updated_at": "2017-10-27T23:26:07.965Z"
    }
  },
  {
    "model": "league.player",
    "pk": 27,
    "fields": {
      "name": "\u0426\u0445\u043e\u0432\u0440\u0435\u0431\u043e\u0432 \u0420\u043e\u043c\u0430\u043d \u0417\u0443\u0440\u0438\u0435\u0432\u0438\u0447",
      "team": 18,
      "photo": "",
      "position": null,
      "birth_date": "1988-10-07",
      "biography": "",
      "created_at": "2017-10-27T23:26:41.699Z",
      "updated_at": "2017-10-27T23:26:41.699Z"
    }
  },
  {
    "model": "league.player",
    "pk": 28,
    "fields": {
      "name": "\u0422\u0435\u0434\u0435\u0435\u0432 \u0420\u043e\u043c\u0430\u043d \u0414\u0436\u0443\u043c\u0431\u0435\u0440\u0438\u0435\u0432\u0438\u0447",
      "team": 18,
      "photo": "",
      "position": null,
      "birth_date": "1994-05-23",
      "biography": "",
      "created_at": "2017-10-27T23:27:22.977Z",
      "updated_at": "2017-10-27T23:27:22.977Z"
    }
  },
  {
    "model": "league.player",
    "pk": 29,
    "fields": {
      "name": "\u0411\u0438\u0442\u0430\u0440\u043e\u0432 \u0412\u0438\u043a\u0442\u043e\u0440 \u041a\u0430\u0437\u0431\u0435\u043a\u043e\u0432\u0438\u0447",
      "team": 10,
      "photo": "players/10/IMG_9700.JPG",
      "position": 2,
      "birth_date": "1989-11-23",
      "biography": "",
      "created_at": "2017-10-27T23:30:19.484Z",
      "updated_at": "2017-10-27T23:30:19.484Z"
    }
  },
  {
    "model": "league.player",
    "pk": 30,
    "fields": {
      "name": "\u0411\u0438\u0442\u0430\u0440\u043e\u0432 \u0413\u0435\u043e\u0440\u0433\u0438\u0439 \u041a\u0430\u0437\u0431\u0435\u043a\u043e\u0432\u0438\u0447",
      "team": 10,
      "photo": "",
      "position": null,
      "birth_date": "1989-11-23",
      "biography": "",
      "created_at": "2017-10-27T23:31:39.547Z",
      "updated_at": "2017-10-27T23:31:39.547Z"
    }
  },
  {
    "model": "league.player",
    "pk": 31,
    "fields": {
      "name": "\u0422\u0438\u0433\u0438\u0435\u0432 \u0414\u0430\u0432\u0438\u0434 \u0410\u0440\u0442\u0443\u0440\u043e\u0432\u0438\u0447",
      "team": 10,
      "photo": "players/10/IMG_9699.JPG",
      "position": 2,
      "birth_date": "1987-03-10",
      "biography": "",
      "created_at": "2017-10-27T23:32:31.610Z",
      "updated_at": "2017-10-27T23:32:31.610Z"
    }
  },
  {
    "model": "league.player",
    "pk": 32,
    "fields": {
      "name": "\u0414\u0436\u0438\u043e\u0435\u0432 \u041b\u0435\u0432\u0430\u043d \u0413\u0438\u0432\u0438\u0435\u0432\u0438\u0447",
      "team": 10,
      "photo": "players/10/IMG_9701.JPG",
      "position": 3,
      "birth_date": "1986-09-12",
      "biography": "",
      "created_at": "2017-10-27T23:33:47.093Z",
      "updated_at": "2017-10-27T23:33:47.093Z"
    }
  },
  {
    "model": "league.player",
    "pk": 33,
    "fields": {
      "name": "\u0411\u0430\u0431\u043a\u043e \u0421\u0435\u0440\u0433\u0435\u0439 \u0414\u043c\u0438\u0442\u0440\u0438\u0435\u0432\u0438\u0447",
      "team": 10,
      "photo": "",
      "position": null,
      "birth_date": "1990-06-05",
      "biography": "",
      "created_at": "2017-10-27T23:34:30.983Z",
      "updated_at": "2017-10-27T23:34:30.983Z"
    }
  },
  {
    "model": "league.player",
    "pk": 34,
    "fields": {
      "name": "\u041a\u0443\u0441\u0440\u0430\u0435\u0432 \u0417\u0430\u0443\u0440\u0431\u0435\u043a \u0421\u0435\u0440\u0433\u0435\u0435\u0432\u0438\u0447",
      "team": 10,
      "photo": "",
      "position": null,
      "birth_date": "1990-10-26",
      "biography": "",
      "created_at": "2017-10-27T23:35:11.099Z",
      "updated_at": "2017-10-27T23:35:11.099Z"
    }
  },
  {
    "model": "league.player",
    "pk": 35,
    "fields": {
      "name": "\u041f\u0435\u0442\u0440\u043e\u0441\u044f\u043d \u0410\u0440\u0442\u0451\u043c \u0413\u0440\u0438\u0433\u043e\u0440\u044c\u0435\u0432\u0438\u0447",
      "team": 10,
      "photo": "players/10/IMG_9702.JPG",
      "position": null,
      "birth_date": "1985-10-16",
      "biography": "",
      "created_at": "2017-10-27T23:35:57.288Z",
      "updated_at": "2017-10-27T23:35:57.288Z"
    }
  },
  {
    "model": "league.player",
    "pk": 36,
    "fields": {
      "name": "\u0414\u0437\u0443\u043a\u0430\u0435\u0432 \u0413\u0435\u043e\u0440\u0433\u0438\u0439 \u0412\u043b\u0430\u0434\u0438\u043c\u0438\u0440\u043e\u0432\u0438\u0447",
      "team": 10,
      "photo": "players/10/IMG_9706.JPG",
      "position": null,
      "birth_date": "1988-03-24",
      "biography": "",
      "created_at": "2017-10-27T23:37:16.698Z",
      "updated_at": "2017-10-27T23:37:16.698Z"
    }
  },
  {
    "model": "league.player",
    "pk": 37,
    "fields": {
      "name": "\u0411\u0443\u0442\u0430\u0435\u0432 \u0421\u0430\u0440\u043c\u0430\u0442 \u0422\u0430\u043c\u0435\u0440\u043b\u0430\u043d\u043e\u0432\u0438\u0447",
      "team": 10,
      "photo": "players/10/IMG_9705.JPG",
      "position": null,
      "birth_date": "1994-01-30",
      "biography": "",
      "created_at": "2017-10-27T23:38:22.708Z",
      "updated_at": "2017-10-27T23:38:22.708Z"
    }
  },
  {
    "model": "league.player",
    "pk": 38,
    "fields": {
      "name": "\u041a\u0443\u0434\u0437\u0438\u0435\u0432 \u041e\u043b\u0435\u0433 \u0422\u0430\u0439\u043c\u0443\u0440\u0430\u0437\u043e\u0432\u0438\u0447",
      "team": 10,
      "photo": "players/10/IMG_9707.JPG",
      "position": 1,
      "birth_date": "1993-05-03",
      "biography": "",
      "created_at": "2017-10-27T23:39:15.593Z",
      "updated_at": "2017-10-27T23:39:15.593Z"
    }
  },
  {
    "model": "league.player",
    "pk": 39,
    "fields": {
      "name": "\u0410\u043c\u0431\u0430\u043b\u043e\u0432 \u0413\u0435\u043e\u0440\u0433\u0438\u0439 \u0410\u0440\u0442\u0443\u0440\u043e\u0432\u0438\u0447",
      "team": 10,
      "photo": "players/10/IMG_9703.JPG",
      "position": 2,
      "birth_date": "1989-04-22",
      "biography": "",
      "created_at": "2017-10-27T23:40:52.009Z",
      "updated_at": "2017-10-27T23:40:52.009Z"
    }
  },
  {
    "model": "league.player",
    "pk": 40,
    "fields": {
      "name": "\u0411\u0430\u0442\u044b\u0440\u043e\u0432 \u0421\u043e\u0441\u043b\u0430\u043d \u0415\u0440\u043c\u0430\u043a\u043e\u0432\u0438\u0447",
      "team": 10,
      "photo": "",
      "position": null,
      "birth_date": "1984-06-15",
      "biography": "",
      "created_at": "2017-10-27T23:42:01.912Z",
      "updated_at": "2017-10-27T23:42:01.912Z"
    }
  },
  {
    "model": "league.player",
    "pk": 41,
    "fields": {
      "name": "\u0414\u0437\u0430\u043f\u0430\u0440\u043e\u0432 \u0410\u043b\u0430\u043d \u041e\u043b\u0435\u0433\u043e\u0432\u0438\u0447",
      "team": 10,
      "photo": "",
      "position": null,
      "birth_date": "1985-06-21",
      "biography": "",
      "created_at": "2017-10-27T23:43:05.075Z",
      "updated_at": "2017-10-27T23:43:05.075Z"
    }
  },
  {
    "model": "league.tournament",
    "pk": 2,
    "fields": {
      "title": "\u0417\u0438\u043c\u043d\u0438\u0439 \u0447\u0435\u043c\u043f\u0438\u043e\u043d\u0430\u0442 \u0410\u0424\u041b/Z&Men",
      "description": "\u0417\u0438\u043c\u043d\u0438\u0439 \u0447\u0435\u043c\u043f\u0438\u043e\u043d\u0430\u0442 \u0410\u043b\u0430\u043d\u0441\u043a\u043e\u0439 \u0424\u0443\u0442\u0431\u043e\u043b\u044c\u043d\u043e\u0439 \u041b\u0438\u0433\u0438 \u0432 \u0444\u043e\u0440\u043c\u0430\u0442\u0435 6/6. \u0412 \u0442\u0443\u0440\u043d\u0438\u0440\u0435 \u043f\u0440\u0438\u043d\u0438\u043c\u0430\u044e\u0442 \u0443\u0447\u0430\u0441\u0442\u0438\u0435 20 \u043a\u043e\u043c\u0430\u043d\u0434 \u043f\u043e \u0441\u0438\u0441\u0442\u0435\u043c\u0435 \u043a\u0430\u0436\u0434\u044b\u0439 \u0441 \u043a\u0430\u0436\u0434\u044b\u043c \u0432 \u043e\u0434\u0438\u043d \u043a\u0440\u0443\u0433.",
      "created_at": "2017-10-27T22:09:19.421Z",
      "updated_at": "2017-10-27T22:09:36.024Z"
    }
  },
  {
    "model": "league.group",
    "pk": 2,
    "fields": {
      "title": "\u0412\u044b\u0441\u0448\u0430\u044f \u043b\u0438\u0433\u0430",
      "tournament": 2,
      "table": "[{\"id\": 3, \"title\": \"\\u041b\\u0438\\u0434\\u0441-12\", \"games\": 0, \"wins\": 0, \"draws\": 0, \"defeats\": 0, \"goals_scored\": 0, \"goals_missed\": 0, \"score\": 0}, {\"id\": 4, \"title\": \"\\u041d\\u0430\\u0440\\u0442\", \"games\": 0, \"wins\": 0, \"draws\": 0, \"defeats\": 0, \"goals_scored\": 0, \"goals_missed\": 0, \"score\": 0}, {\"id\": 5, \"title\": \"\\u0410\\u0440\\u0441\\u0435\\u043d\\u0430\\u043b\", \"games\": 0, \"wins\": 0, \"draws\": 0, \"defeats\": 0, \"goals_scored\": 0, \"goals_missed\": 0, \"score\": 0}, {\"id\": 6, \"title\": \"\\u0421\\u043f\\u0430\\u0440\\u0442\\u0430\\u043a\", \"games\": 0, \"wins\": 0, \"draws\": 0, \"defeats\": 0, \"goals_scored\": 0, \"goals_missed\": 0, \"score\": 0}, {\"id\": 7, \"title\": \"\\u0413\\u043e\\u0440\\u043e\\u0436\\u0430\\u043d\\u0438\\u043d\", \"games\": 0, \"wins\": 0, \"draws\": 0, \"defeats\": 0, \"goals_scored\": 0, \"goals_missed\": 0, \"score\": 0}, {\"id\": 8, \"title\": \"\\u0418\\u0440\\u0438\\u0441\\u0442\\u043e\\u043d\", \"games\": 0, \"wins\": 0, \"draws\": 0, \"defeats\": 0, \"goals_scored\": 0, \"goals_missed\": 0, \"score\": 0}, {\"id\": 9, \"title\": \"\\u042d\\u043b\\u044c-\\u041f\\u043e\\u043b\\u0435\", \"games\": 0, \"wins\": 0, \"draws\": 0, \"defeats\": 0, \"goals_scored\": 0, \"goals_missed\": 0, \"score\": 0}, {\"id\": 10, \"title\": \"\\u042d\\u043b\\u0435\\u043a\\u0442\\u0440\\u043e\\u0446\\u0438\\u043d\\u043a\", \"games\": 0, \"wins\": 0, \"draws\": 0, \"defeats\": 0, \"goals_scored\": 0, \"goals_missed\": 0, \"score\": 0}, {\"id\": 11, \"title\": \"\\u0412\\u0430\\u0448\\u0438\\u043d\\u0433\\u0442\\u043e\\u043d\", \"games\": 0, \"wins\": 0, \"draws\": 0, \"defeats\": 0, \"goals_scored\": 0, \"goals_missed\": 0, \"score\": 0}, {\"id\": 12, \"title\": \"\\u0421\\u0443\\u043d\\u0436\\u0430\", \"games\": 0, \"wins\": 0, \"draws\": 0, \"defeats\": 0, \"goals_scored\": 0, \"goals_missed\": 0, \"score\": 0}, {\"id\": 13, \"title\": \"\\u0427\\u0435\\u0440\\u043c\\u0435\\u043d-\\u041a\\u0438\\u043c\\u043c\\u0435\\u0440\\u0438\", \"games\": 0, \"wins\": 0, \"draws\": 0, \"defeats\": 0, \"goals_scored\": 0, \"goals_missed\": 0, \"score\": 0}, {\"id\": 14, \"title\": \"\\u0424\\u0430\\u0432\\u043e\\u0440\\u0438\\u0442\", \"games\": 0, \"wins\": 0, \"draws\": 0, \"defeats\": 0, \"goals_scored\": 0, \"goals_missed\": 0, \"score\": 0}, {\"id\": 15, \"title\": \"\\u041b\\u0438\\u0432\\u0435\\u0440\\u043f\\u0443\\u043b\\u044c\", \"games\": 0, \"wins\": 0, \"draws\": 0, \"defeats\": 0, \"goals_scored\": 0, \"goals_missed\": 0, \"score\": 0}, {\"id\": 16, \"title\": \"\\u0411\\u0430\\u0440\\u0441\", \"games\": 0, \"wins\": 0, \"draws\": 0, \"defeats\": 0, \"goals_scored\": 0, \"goals_missed\": 0, \"score\": 0}, {\"id\": 17, \"title\": \"\\u0418\\u0440\\u044b\\u0441\\u0442\\u043e\\u043d\\u044b \\u0443\\u0430\\u0440\\u0442\", \"games\": 0, \"wins\": 0, \"draws\": 0, \"defeats\": 0, \"goals_scored\": 0, \"goals_missed\": 0, \"score\": 0}, {\"id\": 18, \"title\": \"\\u0421\\u043f\\u0443\\u0442\\u043d\\u0438\\u043a\", \"games\": 0, \"wins\": 0, \"draws\": 0, \"defeats\": 0, \"goals_scored\": 0, \"goals_missed\": 0, \"score\": 0}, {\"id\": 19, \"title\": \"\\u0410\\u043b\\u0430\\u043d\\u0438\\u044f-2015\", \"games\": 0, \"wins\": 0, \"draws\": 0, \"defeats\": 0, \"goals_scored\": 0, \"goals_missed\": 0, \"score\": 0}, {\"id\": 20, \"title\": \"\\u0411\\u0435\\u0441\\u043b\\u0430\\u043d-\\u041c\", \"games\": 0, \"wins\": 0, \"draws\": 0, \"defeats\": 0, \"goals_scored\": 0, \"goals_missed\": 0, \"score\": 0}, {\"id\": 21, \"title\": \"\\u0413\\u0438\\u0437\\u0435\\u043b\\u044c\", \"games\": 0, \"wins\": 0, \"draws\": 0, \"defeats\": 0, \"goals_scored\": 0, \"goals_missed\": 0, \"score\": 0}, {\"id\": 22, \"title\": \"\\u042e\\u0436\\u043d\\u044b\\u0439\", \"games\": 0, \"wins\": 0, \"draws\": 0, \"defeats\": 0, \"goals_scored\": 0, \"goals_missed\": 0, \"score\": 0}]",
      "created_at": "2017-10-27T22:09:19.423Z",
      "updated_at": "2017-11-07T13:09:55.839Z",
      "teams": [
        3,
        4,
        5,
        6,
        7,
        8,
        9,
        10,
        11,
        12,
        13,
        14,
        15,
        16,
        17,
        18,
        19,
        20,
        21,
        22
      ]
    }
  },
  {
    "model": "league.round",
    "pk": 1,
    "fields": {
      "title": "\u0422\u0443\u0440 1",
      "tournament": 2,
      "created_at": "2017-10-27T22:09:19.421Z",
      "updated_at": "2017-10-27T22:09:19.421Z"
    }
  },
  {
    "model": "league.match",
    "pk": 2,
    "fields": {
      "team_1": 10,
      "team_2": 18,
      "goals_team_1": null,
      "goals_team_2": null,
      "group": 2,
      "match_round": 1,
      "match_date": "2017-10-21T11:00:00Z",
      "protocol": "",
      "created_at": "2017-10-27T22:18:47.224Z",
      "updated_at": "2017-10-27T23:50:53.830Z"
    }
  },
  {
    "model": "league.match",
    "pk": 3,
    "fields": {
      "team_1": 16,
      "team_2": 19,
      "goals_team_1": null,
      "goals_team_2": null,
      "group": 2,
      "match_round": 1,
      "match_date": "2017-10-22T12:00:00Z",
      "protocol": "",
      "created_at": "2017-10-31T23:28:55.408Z",
      "updated_at": "2017-10-31T23:28:55.408Z"
    }
  },
  {
    "model": "league.eventtype",
    "pk": 1,
    "fields": {
      "title": "\u0413\u043e\u043b"
    }
  },
  {
    "model": "league.eventtype",
    "pk": 2,
    "fields": {
      "title": "\u0416\u0451\u043b\u0442\u0430\u044f \u043a\u0430\u0440\u0442\u043e\u0447\u043a\u0430"
    }
  },
  {
    "model": "league.eventtype",
    "pk": 3,
    "fields": {
      "title": "\u041a\u0440\u0430\u0441\u043d\u0430\u044f \u043a\u0430\u0440\u0442\u043e\u0447\u043a\u0430"
    }
  },
  {
    "model": "league.event",
    "pk": 3,
    "fields": {
      "event_type": 1,
      "match": 2,
      "player": 32,
      "team": 10,
      "event_time": 6
    }
  },
  {
    "model": "league.event",
    "pk": 4,
    "fields": {
      "event_type": 1,
      "match": 2,
      "player": 32,
      "team": 10,
      "event_time": 7
    }
  },
  {
    "model": "league.event",
    "pk": 5,
    "fields": {
      "event_type": 1,
      "match": 2,
      "player": 32,
      "team": 10,
      "event_time": 8
    }
  },
  {
    "model": "league.event",
    "pk": 6,
    "fields": {
      "event_type": 1,
      "match": 2,
      "player": 35,
      "team": 10,
      "event_time": 9
    }
  },
  {
    "model": "league.event",
    "pk": 7,
    "fields": {
      "event_type": 1,
      "match": 2,
      "player": 36,
      "team": 10,
      "event_time": 10
    }
  },
  {
    "model": "league.event",
    "pk": 8,
    "fields": {
      "event_type": 1,
      "match": 2,
      "player": 37,
      "team": 10,
      "event_time": 11
    }
  },
  {
    "model": "league.event",
    "pk": 9,
    "fields": {
      "event_type": 1,
      "match": 2,
      "player": 37,
      "team": 10,
      "event_time": 12
    }
  },
  {
    "model": "league.event",
    "pk": 10,
    "fields": {
      "event_type": 1,
      "match": 2,
      "player": 37,
      "team": 10,
      "event_time": 13
    }
  },
  {
    "model": "league.event",
    "pk": 11,
    "fields": {
      "event_type": 1,
      "match": 2,
      "player": 39,
      "team": 10,
      "event_time": 15
    }
  },
  {
    "model": "league.event",
    "pk": 12,
    "fields": {
      "event_type": 1,
      "match": 2,
      "player": 18,
      "team": 18,
      "event_time": 28
    }
  },
  {
    "model": "league.event",
    "pk": 13,
    "fields": {
      "event_type": 1,
      "match": 2,
      "player": 24,
      "team": 18,
      "event_time": 37
    }
  },
  {
    "model": "league.event",
    "pk": 14,
    "fields": {
      "event_type": 1,
      "match": 3,
      "player": 1,
      "team": 16,
      "event_time": 2
    }
  },
  {
    "model": "league.event",
    "pk": 15,
    "fields": {
      "event_type": 1,
      "match": 3,
      "player": 1,
      "team": 16,
      "event_time": 3
    }
  },
  {
    "model": "auth.permission",
    "pk": 1,
    "fields": {
      "name": "Can add log entry",
      "content_type": 1,
      "codename": "add_logentry"
    }
  },
  {
    "model": "auth.permission",
    "pk": 2,
    "fields": {
      "name": "Can change log entry",
      "content_type": 1,
      "codename": "change_logentry"
    }
  },
  {
    "model": "auth.permission",
    "pk": 3,
    "fields": {
      "name": "Can delete log entry",
      "content_type": 1,
      "codename": "delete_logentry"
    }
  },
  {
    "model": "auth.permission",
    "pk": 4,
    "fields": {
      "name": "Can add permission",
      "content_type": 2,
      "codename": "add_permission"
    }
  },
  {
    "model": "auth.permission",
    "pk": 5,
    "fields": {
      "name": "Can change permission",
      "content_type": 2,
      "codename": "change_permission"
    }
  },
  {
    "model": "auth.permission",
    "pk": 6,
    "fields": {
      "name": "Can delete permission",
      "content_type": 2,
      "codename": "delete_permission"
    }
  },
  {
    "model": "auth.permission",
    "pk": 7,
    "fields": {
      "name": "Can add group",
      "content_type": 3,
      "codename": "add_group"
    }
  },
  {
    "model": "auth.permission",
    "pk": 8,
    "fields": {
      "name": "Can change group",
      "content_type": 3,
      "codename": "change_group"
    }
  },
  {
    "model": "auth.permission",
    "pk": 9,
    "fields": {
      "name": "Can delete group",
      "content_type": 3,
      "codename": "delete_group"
    }
  },
  {
    "model": "auth.permission",
    "pk": 10,
    "fields": {
      "name": "Can add user",
      "content_type": 4,
      "codename": "add_user"
    }
  },
  {
    "model": "auth.permission",
    "pk": 11,
    "fields": {
      "name": "Can change user",
      "content_type": 4,
      "codename": "change_user"
    }
  },
  {
    "model": "auth.permission",
    "pk": 12,
    "fields": {
      "name": "Can delete user",
      "content_type": 4,
      "codename": "delete_user"
    }
  },
  {
    "model": "auth.permission",
    "pk": 13,
    "fields": {
      "name": "Can add content type",
      "content_type": 5,
      "codename": "add_contenttype"
    }
  },
  {
    "model": "auth.permission",
    "pk": 14,
    "fields": {
      "name": "Can change content type",
      "content_type": 5,
      "codename": "change_contenttype"
    }
  },
  {
    "model": "auth.permission",
    "pk": 15,
    "fields": {
      "name": "Can delete content type",
      "content_type": 5,
      "codename": "delete_contenttype"
    }
  },
  {
    "model": "auth.permission",
    "pk": 16,
    "fields": {
      "name": "Can add session",
      "content_type": 6,
      "codename": "add_session"
    }
  },
  {
    "model": "auth.permission",
    "pk": 17,
    "fields": {
      "name": "Can change session",
      "content_type": 6,
      "codename": "change_session"
    }
  },
  {
    "model": "auth.permission",
    "pk": 18,
    "fields": {
      "name": "Can delete session",
      "content_type": 6,
      "codename": "delete_session"
    }
  },
  {
    "model": "auth.permission",
    "pk": 19,
    "fields": {
      "name": "Can add news",
      "content_type": 7,
      "codename": "add_news"
    }
  },
  {
    "model": "auth.permission",
    "pk": 20,
    "fields": {
      "name": "Can change news",
      "content_type": 7,
      "codename": "change_news"
    }
  },
  {
    "model": "auth.permission",
    "pk": 21,
    "fields": {
      "name": "Can delete news",
      "content_type": 7,
      "codename": "delete_news"
    }
  },
  {
    "model": "auth.permission",
    "pk": 22,
    "fields": {
      "name": "Can add \u041a\u043e\u043d\u0442\u0430\u043a\u0442\u044b",
      "content_type": 8,
      "codename": "add_contact"
    }
  },
  {
    "model": "auth.permission",
    "pk": 23,
    "fields": {
      "name": "Can change \u041a\u043e\u043d\u0442\u0430\u043a\u0442\u044b",
      "content_type": 8,
      "codename": "change_contact"
    }
  },
  {
    "model": "auth.permission",
    "pk": 24,
    "fields": {
      "name": "Can delete \u041a\u043e\u043d\u0442\u0430\u043a\u0442\u044b",
      "content_type": 8,
      "codename": "delete_contact"
    }
  },
  {
    "model": "auth.permission",
    "pk": 25,
    "fields": {
      "name": "Can add \u0421\u043e\u0442\u0440\u0443\u0434\u043d\u0438\u043a",
      "content_type": 9,
      "codename": "add_teammember"
    }
  },
  {
    "model": "auth.permission",
    "pk": 26,
    "fields": {
      "name": "Can change \u0421\u043e\u0442\u0440\u0443\u0434\u043d\u0438\u043a",
      "content_type": 9,
      "codename": "change_teammember"
    }
  },
  {
    "model": "auth.permission",
    "pk": 27,
    "fields": {
      "name": "Can delete \u0421\u043e\u0442\u0440\u0443\u0434\u043d\u0438\u043a",
      "content_type": 9,
      "codename": "delete_teammember"
    }
  },
  {
    "model": "auth.permission",
    "pk": 28,
    "fields": {
      "name": "Can add Footer",
      "content_type": 10,
      "codename": "add_footersettings"
    }
  },
  {
    "model": "auth.permission",
    "pk": 29,
    "fields": {
      "name": "Can change Footer",
      "content_type": 10,
      "codename": "change_footersettings"
    }
  },
  {
    "model": "auth.permission",
    "pk": 30,
    "fields": {
      "name": "Can delete Footer",
      "content_type": 10,
      "codename": "delete_footersettings"
    }
  },
  {
    "model": "auth.permission",
    "pk": 31,
    "fields": {
      "name": "Can add source",
      "content_type": 11,
      "codename": "add_source"
    }
  },
  {
    "model": "auth.permission",
    "pk": 32,
    "fields": {
      "name": "Can change source",
      "content_type": 11,
      "codename": "change_source"
    }
  },
  {
    "model": "auth.permission",
    "pk": 33,
    "fields": {
      "name": "Can delete source",
      "content_type": 11,
      "codename": "delete_source"
    }
  },
  {
    "model": "auth.permission",
    "pk": 34,
    "fields": {
      "name": "Can add thumbnail",
      "content_type": 12,
      "codename": "add_thumbnail"
    }
  },
  {
    "model": "auth.permission",
    "pk": 35,
    "fields": {
      "name": "Can change thumbnail",
      "content_type": 12,
      "codename": "change_thumbnail"
    }
  },
  {
    "model": "auth.permission",
    "pk": 36,
    "fields": {
      "name": "Can delete thumbnail",
      "content_type": 12,
      "codename": "delete_thumbnail"
    }
  },
  {
    "model": "auth.permission",
    "pk": 37,
    "fields": {
      "name": "Can add thumbnail dimensions",
      "content_type": 13,
      "codename": "add_thumbnaildimensions"
    }
  },
  {
    "model": "auth.permission",
    "pk": 38,
    "fields": {
      "name": "Can change thumbnail dimensions",
      "content_type": 13,
      "codename": "change_thumbnaildimensions"
    }
  },
  {
    "model": "auth.permission",
    "pk": 39,
    "fields": {
      "name": "Can delete thumbnail dimensions",
      "content_type": 13,
      "codename": "delete_thumbnaildimensions"
    }
  },
  {
    "model": "auth.permission",
    "pk": 40,
    "fields": {
      "name": "Can add gallery",
      "content_type": 14,
      "codename": "add_gallery"
    }
  },
  {
    "model": "auth.permission",
    "pk": 41,
    "fields": {
      "name": "Can change gallery",
      "content_type": 14,
      "codename": "change_gallery"
    }
  },
  {
    "model": "auth.permission",
    "pk": 42,
    "fields": {
      "name": "Can delete gallery",
      "content_type": 14,
      "codename": "delete_gallery"
    }
  },
  {
    "model": "auth.permission",
    "pk": 43,
    "fields": {
      "name": "Can add photo",
      "content_type": 15,
      "codename": "add_photo"
    }
  },
  {
    "model": "auth.permission",
    "pk": 44,
    "fields": {
      "name": "Can change photo",
      "content_type": 15,
      "codename": "change_photo"
    }
  },
  {
    "model": "auth.permission",
    "pk": 45,
    "fields": {
      "name": "Can delete photo",
      "content_type": 15,
      "codename": "delete_photo"
    }
  },
  {
    "model": "auth.permission",
    "pk": 46,
    "fields": {
      "name": "Can add \u0412\u0438\u0434\u0435\u043e",
      "content_type": 16,
      "codename": "add_video"
    }
  },
  {
    "model": "auth.permission",
    "pk": 47,
    "fields": {
      "name": "Can change \u0412\u0438\u0434\u0435\u043e",
      "content_type": 16,
      "codename": "change_video"
    }
  },
  {
    "model": "auth.permission",
    "pk": 48,
    "fields": {
      "name": "Can delete \u0412\u0438\u0434\u0435\u043e",
      "content_type": 16,
      "codename": "delete_video"
    }
  },
  {
    "model": "auth.permission",
    "pk": 49,
    "fields": {
      "name": "Can add \u0421\u043b\u0430\u0439\u0434",
      "content_type": 17,
      "codename": "add_carousel"
    }
  },
  {
    "model": "auth.permission",
    "pk": 50,
    "fields": {
      "name": "Can change \u0421\u043b\u0430\u0439\u0434",
      "content_type": 17,
      "codename": "change_carousel"
    }
  },
  {
    "model": "auth.permission",
    "pk": 51,
    "fields": {
      "name": "Can delete \u0421\u043b\u0430\u0439\u0434",
      "content_type": 17,
      "codename": "delete_carousel"
    }
  },
  {
    "model": "auth.permission",
    "pk": 52,
    "fields": {
      "name": "Can add banner",
      "content_type": 18,
      "codename": "add_banner"
    }
  },
  {
    "model": "auth.permission",
    "pk": 53,
    "fields": {
      "name": "Can change banner",
      "content_type": 18,
      "codename": "change_banner"
    }
  },
  {
    "model": "auth.permission",
    "pk": 54,
    "fields": {
      "name": "Can delete banner",
      "content_type": 18,
      "codename": "delete_banner"
    }
  },
  {
    "model": "auth.permission",
    "pk": 55,
    "fields": {
      "name": "Can add event",
      "content_type": 19,
      "codename": "add_event"
    }
  },
  {
    "model": "auth.permission",
    "pk": 56,
    "fields": {
      "name": "Can change event",
      "content_type": 19,
      "codename": "change_event"
    }
  },
  {
    "model": "auth.permission",
    "pk": 57,
    "fields": {
      "name": "Can delete event",
      "content_type": 19,
      "codename": "delete_event"
    }
  },
  {
    "model": "auth.permission",
    "pk": 58,
    "fields": {
      "name": "Can add event type",
      "content_type": 20,
      "codename": "add_eventtype"
    }
  },
  {
    "model": "auth.permission",
    "pk": 59,
    "fields": {
      "name": "Can change event type",
      "content_type": 20,
      "codename": "change_eventtype"
    }
  },
  {
    "model": "auth.permission",
    "pk": 60,
    "fields": {
      "name": "Can delete event type",
      "content_type": 20,
      "codename": "delete_eventtype"
    }
  },
  {
    "model": "auth.permission",
    "pk": 61,
    "fields": {
      "name": "Can add group",
      "content_type": 21,
      "codename": "add_group"
    }
  },
  {
    "model": "auth.permission",
    "pk": 62,
    "fields": {
      "name": "Can change group",
      "content_type": 21,
      "codename": "change_group"
    }
  },
  {
    "model": "auth.permission",
    "pk": 63,
    "fields": {
      "name": "Can delete group",
      "content_type": 21,
      "codename": "delete_group"
    }
  },
  {
    "model": "auth.permission",
    "pk": 64,
    "fields": {
      "name": "Can add match",
      "content_type": 22,
      "codename": "add_match"
    }
  },
  {
    "model": "auth.permission",
    "pk": 65,
    "fields": {
      "name": "Can change match",
      "content_type": 22,
      "codename": "change_match"
    }
  },
  {
    "model": "auth.permission",
    "pk": 66,
    "fields": {
      "name": "Can delete match",
      "content_type": 22,
      "codename": "delete_match"
    }
  },
  {
    "model": "auth.permission",
    "pk": 67,
    "fields": {
      "name": "Can add player",
      "content_type": 23,
      "codename": "add_player"
    }
  },
  {
    "model": "auth.permission",
    "pk": 68,
    "fields": {
      "name": "Can change player",
      "content_type": 23,
      "codename": "change_player"
    }
  },
  {
    "model": "auth.permission",
    "pk": 69,
    "fields": {
      "name": "Can delete player",
      "content_type": 23,
      "codename": "delete_player"
    }
  },
  {
    "model": "auth.permission",
    "pk": 70,
    "fields": {
      "name": "Can add position",
      "content_type": 24,
      "codename": "add_position"
    }
  },
  {
    "model": "auth.permission",
    "pk": 71,
    "fields": {
      "name": "Can change position",
      "content_type": 24,
      "codename": "change_position"
    }
  },
  {
    "model": "auth.permission",
    "pk": 72,
    "fields": {
      "name": "Can delete position",
      "content_type": 24,
      "codename": "delete_position"
    }
  },
  {
    "model": "auth.permission",
    "pk": 73,
    "fields": {
      "name": "Can add team",
      "content_type": 25,
      "codename": "add_team"
    }
  },
  {
    "model": "auth.permission",
    "pk": 74,
    "fields": {
      "name": "Can change team",
      "content_type": 25,
      "codename": "change_team"
    }
  },
  {
    "model": "auth.permission",
    "pk": 75,
    "fields": {
      "name": "Can delete team",
      "content_type": 25,
      "codename": "delete_team"
    }
  },
  {
    "model": "auth.permission",
    "pk": 76,
    "fields": {
      "name": "Can add tournament",
      "content_type": 26,
      "codename": "add_tournament"
    }
  },
  {
    "model": "auth.permission",
    "pk": 77,
    "fields": {
      "name": "Can change tournament",
      "content_type": 26,
      "codename": "change_tournament"
    }
  },
  {
    "model": "auth.permission",
    "pk": 78,
    "fields": {
      "name": "Can delete tournament",
      "content_type": 26,
      "codename": "delete_tournament"
    }
  },
  {
    "model": "auth.permission",
    "pk": 79,
    "fields": {
      "name": "Can add tournament player",
      "content_type": 27,
      "codename": "add_tournamentplayer"
    }
  },
  {
    "model": "auth.permission",
    "pk": 80,
    "fields": {
      "name": "Can change tournament player",
      "content_type": 27,
      "codename": "change_tournamentplayer"
    }
  },
  {
    "model": "auth.permission",
    "pk": 81,
    "fields": {
      "name": "Can delete tournament player",
      "content_type": 27,
      "codename": "delete_tournamentplayer"
    }
  },
  {
    "model": "auth.permission",
    "pk": 82,
    "fields": {
      "name": "Can add person widget",
      "content_type": 28,
      "codename": "add_personwidget"
    }
  },
  {
    "model": "auth.permission",
    "pk": 83,
    "fields": {
      "name": "Can change person widget",
      "content_type": 28,
      "codename": "change_personwidget"
    }
  },
  {
    "model": "auth.permission",
    "pk": 84,
    "fields": {
      "name": "Can delete person widget",
      "content_type": 28,
      "codename": "delete_personwidget"
    }
  },
  {
    "model": "auth.permission",
    "pk": 85,
    "fields": {
      "name": "Can add \u0422\u0443\u0440\u043d\u0438\u0440",
      "content_type": 29,
      "codename": "add_lasttournament"
    }
  },
  {
    "model": "auth.permission",
    "pk": 86,
    "fields": {
      "name": "Can change \u0422\u0443\u0440\u043d\u0438\u0440",
      "content_type": 29,
      "codename": "change_lasttournament"
    }
  },
  {
    "model": "auth.permission",
    "pk": 87,
    "fields": {
      "name": "Can delete \u0422\u0443\u0440\u043d\u0438\u0440",
      "content_type": 29,
      "codename": "delete_lasttournament"
    }
  },
  {
    "model": "auth.permission",
    "pk": 88,
    "fields": {
      "name": "Can add \u0422\u0430\u0431\u043b\u0438\u0446\u0430, \u0431\u043e\u043c\u0431\u0430\u0440\u0434\u0438\u0440\u044b, \u0448\u0442\u0440\u0430\u0444\u043d\u0438\u043a\u0438",
      "content_type": 30,
      "codename": "add_bombardierspenaltiestablesettings"
    }
  },
  {
    "model": "auth.permission",
    "pk": 89,
    "fields": {
      "name": "Can change \u0422\u0430\u0431\u043b\u0438\u0446\u0430, \u0431\u043e\u043c\u0431\u0430\u0440\u0434\u0438\u0440\u044b, \u0448\u0442\u0440\u0430\u0444\u043d\u0438\u043a\u0438",
      "content_type": 30,
      "codename": "change_bombardierspenaltiestablesettings"
    }
  },
  {
    "model": "auth.permission",
    "pk": 90,
    "fields": {
      "name": "Can delete \u0422\u0430\u0431\u043b\u0438\u0446\u0430, \u0431\u043e\u043c\u0431\u0430\u0440\u0434\u0438\u0440\u044b, \u0448\u0442\u0440\u0430\u0444\u043d\u0438\u043a\u0438",
      "content_type": 30,
      "codename": "delete_bombardierspenaltiestablesettings"
    }
  },
  {
    "model": "auth.permission",
    "pk": 91,
    "fields": {
      "name": "Can add \u0422\u0443\u0440",
      "content_type": 31,
      "codename": "add_round"
    }
  },
  {
    "model": "auth.permission",
    "pk": 92,
    "fields": {
      "name": "Can change \u0422\u0443\u0440",
      "content_type": 31,
      "codename": "change_round"
    }
  },
  {
    "model": "auth.permission",
    "pk": 93,
    "fields": {
      "name": "Can delete \u0422\u0443\u0440",
      "content_type": 31,
      "codename": "delete_round"
    }
  },
  {
    "model": "auth.user",
    "pk": 1,
    "fields": {
      "password": "pbkdf2_sha256$36000$VK3EwtiqklyY$oLH/XsAmKeMHXeg62E8E2v3Oo3xLaUkSzw1KVlZIS2c=",
      "last_login": "2017-11-07T13:11:08.025Z",
      "is_superuser": true,
      "username": "admin",
      "first_name": "",
      "last_name": "",
      "email": "alex.mon1989@gmail.com",
      "is_staff": true,
      "is_active": true,
      "date_joined": "2017-10-13T10:54:15.385Z",
      "groups": [],
      "user_permissions": []
    }
  },
  {
    "model": "admin.logentry",
    "pk": 1,
    "fields": {
      "action_time": "2017-10-13T10:55:58.303Z",
      "user": 1,
      "content_type": 7,
      "object_id": "3",
      "object_repr": "",
      "action_flag": 3,
      "change_message": ""
    }
  },
  {
    "model": "admin.logentry",
    "pk": 2,
    "fields": {
      "action_time": "2017-10-13T10:55:58.452Z",
      "user": 1,
      "content_type": 7,
      "object_id": "2",
      "object_repr": "",
      "action_flag": 3,
      "change_message": ""
    }
  },
  {
    "model": "admin.logentry",
    "pk": 3,
    "fields": {
      "action_time": "2017-10-13T10:55:58.585Z",
      "user": 1,
      "content_type": 7,
      "object_id": "1",
      "object_repr": "",
      "action_flag": 3,
      "change_message": ""
    }
  },
  {
    "model": "admin.logentry",
    "pk": 4,
    "fields": {
      "action_time": "2017-10-13T10:56:10.887Z",
      "user": 1,
      "content_type": 7,
      "object_id": "4",
      "object_repr": "\u041d\u043e\u0432\u043e\u0441\u0442\u044c 1",
      "action_flag": 1,
      "change_message": "[{\"added\": {}}]"
    }
  },
  {
    "model": "admin.logentry",
    "pk": 5,
    "fields": {
      "action_time": "2017-10-13T10:56:21.393Z",
      "user": 1,
      "content_type": 7,
      "object_id": "4",
      "object_repr": "\u041d\u043e\u0432\u043e\u0441\u0442\u044c 1",
      "action_flag": 2,
      "change_message": "[]"
    }
  },
  {
    "model": "admin.logentry",
    "pk": 6,
    "fields": {
      "action_time": "2017-10-13T10:56:29.941Z",
      "user": 1,
      "content_type": 7,
      "object_id": "5",
      "object_repr": "\u041d\u043e\u0432\u043e\u0441\u0442\u044c 2",
      "action_flag": 1,
      "change_message": "[{\"added\": {}}]"
    }
  },
  {
    "model": "admin.logentry",
    "pk": 7,
    "fields": {
      "action_time": "2017-10-17T10:08:52.820Z",
      "user": 1,
      "content_type": 7,
      "object_id": "4",
      "object_repr": "\u041d\u043e\u0432\u043e\u0441\u0442\u044c 1",
      "action_flag": 2,
      "change_message": "[{\"changed\": {\"fields\": [\"text\"]}}]"
    }
  },
  {
    "model": "admin.logentry",
    "pk": 8,
    "fields": {
      "action_time": "2017-10-17T10:10:51.222Z",
      "user": 1,
      "content_type": 7,
      "object_id": "4",
      "object_repr": "\u041d\u043e\u0432\u043e\u0441\u0442\u044c 1",
      "action_flag": 2,
      "change_message": "[{\"changed\": {\"fields\": [\"text\"]}}]"
    }
  },
  {
    "model": "admin.logentry",
    "pk": 9,
    "fields": {
      "action_time": "2017-10-17T10:12:09.191Z",
      "user": 1,
      "content_type": 7,
      "object_id": "4",
      "object_repr": "\u041d\u043e\u0432\u043e\u0441\u0442\u044c 1",
      "action_flag": 2,
      "change_message": "[{\"changed\": {\"fields\": [\"text\"]}}]"
    }
  },
  {
    "model": "admin.logentry",
    "pk": 10,
    "fields": {
      "action_time": "2017-10-17T10:15:54.784Z",
      "user": 1,
      "content_type": 7,
      "object_id": "4",
      "object_repr": "\u041d\u043e\u0432\u043e\u0441\u0442\u044c 1",
      "action_flag": 2,
      "change_message": "[{\"changed\": {\"fields\": [\"image\"]}}]"
    }
  },
  {
    "model": "admin.logentry",
    "pk": 11,
    "fields": {
      "action_time": "2017-10-17T10:20:51.139Z",
      "user": 1,
      "content_type": 7,
      "object_id": "4",
      "object_repr": "\u041d\u043e\u0432\u043e\u0441\u0442\u044c 1",
      "action_flag": 2,
      "change_message": "[{\"changed\": {\"fields\": [\"image\"]}}]"
    }
  },
  {
    "model": "admin.logentry",
    "pk": 12,
    "fields": {
      "action_time": "2017-10-17T12:20:49.569Z",
      "user": 1,
      "content_type": 7,
      "object_id": "5",
      "object_repr": "\u041d\u043e\u0432\u043e\u0441\u0442\u044c 2",
      "action_flag": 2,
      "change_message": "[{\"changed\": {\"fields\": [\"image\"]}}]"
    }
  },
  {
    "model": "admin.logentry",
    "pk": 13,
    "fields": {
      "action_time": "2017-10-17T12:21:12.751Z",
      "user": 1,
      "content_type": 7,
      "object_id": "5",
      "object_repr": "\u041d\u043e\u0432\u043e\u0441\u0442\u044c 2",
      "action_flag": 2,
      "change_message": "[{\"changed\": {\"fields\": [\"text\"]}}]"
    }
  },
  {
    "model": "admin.logentry",
    "pk": 14,
    "fields": {
      "action_time": "2017-10-17T12:21:22.771Z",
      "user": 1,
      "content_type": 7,
      "object_id": "6",
      "object_repr": "\u041d\u043e\u0432\u043e\u0441\u0442\u044c 3",
      "action_flag": 1,
      "change_message": "[{\"added\": {}}]"
    }
  },
  {
    "model": "admin.logentry",
    "pk": 15,
    "fields": {
      "action_time": "2017-10-17T12:21:35.801Z",
      "user": 1,
      "content_type": 7,
      "object_id": "7",
      "object_repr": "\u041d\u043e\u0432\u043e\u0441\u0442\u044c 4",
      "action_flag": 1,
      "change_message": "[{\"added\": {}}]"
    }
  },
  {
    "model": "admin.logentry",
    "pk": 16,
    "fields": {
      "action_time": "2017-10-18T12:44:32.741Z",
      "user": 1,
      "content_type": 8,
      "object_id": "1",
      "object_repr": "Contact object",
      "action_flag": 1,
      "change_message": "[{\"added\": {}}]"
    }
  },
  {
    "model": "admin.logentry",
    "pk": 17,
    "fields": {
      "action_time": "2017-10-19T08:15:15.804Z",
      "user": 1,
      "content_type": 7,
      "object_id": "7",
      "object_repr": "\u041d\u043e\u0432\u043e\u0441\u0442\u044c 4",
      "action_flag": 2,
      "change_message": "[{\"changed\": {\"fields\": [\"is_visible\"]}}]"
    }
  },
  {
    "model": "admin.logentry",
    "pk": 18,
    "fields": {
      "action_time": "2017-10-19T08:15:19.954Z",
      "user": 1,
      "content_type": 7,
      "object_id": "7",
      "object_repr": "\u041d\u043e\u0432\u043e\u0441\u0442\u044c 4",
      "action_flag": 2,
      "change_message": "[{\"changed\": {\"fields\": [\"is_visible\"]}}]"
    }
  },
  {
    "model": "admin.logentry",
    "pk": 19,
    "fields": {
      "action_time": "2017-10-19T10:45:40.047Z",
      "user": 1,
      "content_type": 9,
      "object_id": "1",
      "object_repr": "\u0418\u043a\u0430\u0435\u0432 \u0410\u043b\u0430\u043d \u041a\u0430\u0437\u0431\u0435\u043a\u043e\u0432\u0438\u0447",
      "action_flag": 1,
      "change_message": "[{\"added\": {}}]"
    }
  },
  {
    "model": "admin.logentry",
    "pk": 20,
    "fields": {
      "action_time": "2017-10-19T10:49:18.507Z",
      "user": 1,
      "content_type": 9,
      "object_id": "2",
      "object_repr": "\u0421\u0430\u0441\u0438\u0435\u0432 \u0422\u0430\u043c\u0435\u0440\u043b\u0430\u043d",
      "action_flag": 1,
      "change_message": "[{\"added\": {}}]"
    }
  },
  {
    "model": "admin.logentry",
    "pk": 21,
    "fields": {
      "action_time": "2017-10-19T10:49:50.730Z",
      "user": 1,
      "content_type": 9,
      "object_id": "3",
      "object_repr": "\u041b\u0435\u0433\u043e\u0435\u0432 \u0420\u0443\u0441\u0442\u0435\u043c",
      "action_flag": 1,
      "change_message": "[{\"added\": {}}]"
    }
  },
  {
    "model": "admin.logentry",
    "pk": 22,
    "fields": {
      "action_time": "2017-10-19T10:50:01.530Z",
      "user": 1,
      "content_type": 9,
      "object_id": "4",
      "object_repr": "\u041c\u043e\u0437\u0433\u043e\u0432\u043e\u0439 \u0410\u043d\u0442\u043e\u043d",
      "action_flag": 1,
      "change_message": "[{\"added\": {}}]"
    }
  },
  {
    "model": "admin.logentry",
    "pk": 23,
    "fields": {
      "action_time": "2017-10-19T10:50:18.960Z",
      "user": 1,
      "content_type": 9,
      "object_id": "5",
      "object_repr": "\u0413\u0430\u0431\u0443\u043b\u043e\u0432 \u0422\u0438\u043c\u0443\u0440",
      "action_flag": 1,
      "change_message": "[{\"added\": {}}]"
    }
  },
  {
    "model": "admin.logentry",
    "pk": 24,
    "fields": {
      "action_time": "2017-10-19T10:50:31.622Z",
      "user": 1,
      "content_type": 9,
      "object_id": "6",
      "object_repr": "\u041a\u043e\u0440\u0430\u0435\u0432 \u041e\u043b\u0435\u0433",
      "action_flag": 1,
      "change_message": "[{\"added\": {}}]"
    }
  },
  {
    "model": "admin.logentry",
    "pk": 25,
    "fields": {
      "action_time": "2017-10-19T10:50:56.552Z",
      "user": 1,
      "content_type": 9,
      "object_id": "7",
      "object_repr": "\u0411\u0430\u043b\u0438\u043a\u043e\u0435\u0432 \u0410\u043b\u0430\u043d",
      "action_flag": 1,
      "change_message": "[{\"added\": {}}]"
    }
  },
  {
    "model": "admin.logentry",
    "pk": 26,
    "fields": {
      "action_time": "2017-10-19T10:51:14.963Z",
      "user": 1,
      "content_type": 9,
      "object_id": "8",
      "object_repr": "\u0424\u0435\u043b\u0438\u043a\u0441 \u041c\u0430\u043a\u0438\u0435\u0432",
      "action_flag": 1,
      "change_message": "[{\"added\": {}}]"
    }
  },
  {
    "model": "admin.logentry",
    "pk": 27,
    "fields": {
      "action_time": "2017-10-19T10:51:30.683Z",
      "user": 1,
      "content_type": 9,
      "object_id": "9",
      "object_repr": "\u0411\u0430\u043b\u0438\u043a\u043e\u0435\u0432 \u0410\u043b\u0430\u043d",
      "action_flag": 1,
      "change_message": "[{\"added\": {}}]"
    }
  },
  {
    "model": "admin.logentry",
    "pk": 28,
    "fields": {
      "action_time": "2017-10-19T10:52:28.798Z",
      "user": 1,
      "content_type": 9,
      "object_id": "1",
      "object_repr": "\u0418\u043a\u0430\u0435\u0432 \u0410\u043b\u0430\u043d \u041a\u0430\u0437\u0431\u0435\u043a\u043e\u0432\u0438\u0447",
      "action_flag": 2,
      "change_message": "[{\"changed\": {\"fields\": [\"photo\"]}}]"
    }
  },
  {
    "model": "admin.logentry",
    "pk": 29,
    "fields": {
      "action_time": "2017-10-24T10:42:27.726Z",
      "user": 1,
      "content_type": 14,
      "object_id": "1",
      "object_repr": "\u0413\u0430\u043b\u0435\u0440\u0435\u044f 1",
      "action_flag": 1,
      "change_message": "[{\"added\": {}}]"
    }
  },
  {
    "model": "admin.logentry",
    "pk": 30,
    "fields": {
      "action_time": "2017-10-24T10:43:24.553Z",
      "user": 1,
      "content_type": 15,
      "object_id": "1",
      "object_repr": "\u0418\u0437\u043e\u0431\u0440\u0430\u0436\u0435\u043d\u0438\u0435 #1",
      "action_flag": 1,
      "change_message": "[{\"added\": {}}]"
    }
  },
  {
    "model": "admin.logentry",
    "pk": 31,
    "fields": {
      "action_time": "2017-10-24T10:44:10.786Z",
      "user": 1,
      "content_type": 15,
      "object_id": "2",
      "object_repr": "\u0418\u0437\u043e\u0431\u0440\u0430\u0436\u0435\u043d\u0438\u0435 #2",
      "action_flag": 1,
      "change_message": "[{\"added\": {}}]"
    }
  },
  {
    "model": "admin.logentry",
    "pk": 32,
    "fields": {
      "action_time": "2017-10-24T10:44:17.005Z",
      "user": 1,
      "content_type": 15,
      "object_id": "3",
      "object_repr": "\u0418\u0437\u043e\u0431\u0440\u0430\u0436\u0435\u043d\u0438\u0435 #3",
      "action_flag": 1,
      "change_message": "[{\"added\": {}}]"
    }
  },
  {
    "model": "admin.logentry",
    "pk": 33,
    "fields": {
      "action_time": "2017-10-24T10:44:23.718Z",
      "user": 1,
      "content_type": 15,
      "object_id": "4",
      "object_repr": "\u0418\u0437\u043e\u0431\u0440\u0430\u0436\u0435\u043d\u0438\u0435 #4",
      "action_flag": 1,
      "change_message": "[{\"added\": {}}]"
    }
  },
  {
    "model": "admin.logentry",
    "pk": 34,
    "fields": {
      "action_time": "2017-10-24T10:44:30.240Z",
      "user": 1,
      "content_type": 15,
      "object_id": "5",
      "object_repr": "\u0418\u0437\u043e\u0431\u0440\u0430\u0436\u0435\u043d\u0438\u0435 #5",
      "action_flag": 1,
      "change_message": "[{\"added\": {}}]"
    }
  },
  {
    "model": "admin.logentry",
    "pk": 35,
    "fields": {
      "action_time": "2017-10-24T10:45:13.841Z",
      "user": 1,
      "content_type": 15,
      "object_id": "6",
      "object_repr": "\u0418\u0437\u043e\u0431\u0440\u0430\u0436\u0435\u043d\u0438\u0435 #6",
      "action_flag": 1,
      "change_message": "[{\"added\": {}}]"
    }
  },
  {
    "model": "admin.logentry",
    "pk": 36,
    "fields": {
      "action_time": "2017-10-24T10:45:52.044Z",
      "user": 1,
      "content_type": 15,
      "object_id": "7",
      "object_repr": "\u0418\u0437\u043e\u0431\u0440\u0430\u0436\u0435\u043d\u0438\u0435 #7",
      "action_flag": 1,
      "change_message": "[{\"added\": {}}]"
    }
  },
  {
    "model": "admin.logentry",
    "pk": 37,
    "fields": {
      "action_time": "2017-10-24T10:51:12.120Z",
      "user": 1,
      "content_type": 15,
      "object_id": "7",
      "object_repr": "\u0418\u0437\u043e\u0431\u0440\u0430\u0436\u0435\u043d\u0438\u0435 #7",
      "action_flag": 2,
      "change_message": "[{\"changed\": {\"fields\": [\"is_visible\"]}}]"
    }
  },
  {
    "model": "admin.logentry",
    "pk": 38,
    "fields": {
      "action_time": "2017-10-24T10:51:12.486Z",
      "user": 1,
      "content_type": 15,
      "object_id": "6",
      "object_repr": "\u0418\u0437\u043e\u0431\u0440\u0430\u0436\u0435\u043d\u0438\u0435 #6",
      "action_flag": 2,
      "change_message": "[{\"changed\": {\"fields\": [\"is_visible\"]}}]"
    }
  },
  {
    "model": "admin.logentry",
    "pk": 39,
    "fields": {
      "action_time": "2017-10-24T10:53:13.418Z",
      "user": 1,
      "content_type": 14,
      "object_id": "2",
      "object_repr": "\u0413\u0430\u043b\u0435\u0440\u0435\u044f 2",
      "action_flag": 1,
      "change_message": "[{\"added\": {}}]"
    }
  },
  {
    "model": "admin.logentry",
    "pk": 40,
    "fields": {
      "action_time": "2017-10-24T10:53:34.687Z",
      "user": 1,
      "content_type": 15,
      "object_id": "8",
      "object_repr": "\u0418\u0437\u043e\u0431\u0440\u0430\u0436\u0435\u043d\u0438\u0435 #8",
      "action_flag": 1,
      "change_message": "[{\"added\": {}}]"
    }
  },
  {
    "model": "admin.logentry",
    "pk": 41,
    "fields": {
      "action_time": "2017-10-24T10:53:43.070Z",
      "user": 1,
      "content_type": 15,
      "object_id": "9",
      "object_repr": "\u0418\u0437\u043e\u0431\u0440\u0430\u0436\u0435\u043d\u0438\u0435 #9",
      "action_flag": 1,
      "change_message": "[{\"added\": {}}]"
    }
  },
  {
    "model": "admin.logentry",
    "pk": 42,
    "fields": {
      "action_time": "2017-10-24T10:53:49.530Z",
      "user": 1,
      "content_type": 15,
      "object_id": "10",
      "object_repr": "\u0418\u0437\u043e\u0431\u0440\u0430\u0436\u0435\u043d\u0438\u0435 #10",
      "action_flag": 1,
      "change_message": "[{\"added\": {}}]"
    }
  },
  {
    "model": "admin.logentry",
    "pk": 43,
    "fields": {
      "action_time": "2017-10-24T10:53:58.488Z",
      "user": 1,
      "content_type": 15,
      "object_id": "11",
      "object_repr": "\u0418\u0437\u043e\u0431\u0440\u0430\u0436\u0435\u043d\u0438\u0435 #11",
      "action_flag": 1,
      "change_message": "[{\"added\": {}}]"
    }
  },
  {
    "model": "admin.logentry",
    "pk": 44,
    "fields": {
      "action_time": "2017-10-24T10:54:23.552Z",
      "user": 1,
      "content_type": 15,
      "object_id": "12",
      "object_repr": "\u0418\u0437\u043e\u0431\u0440\u0430\u0436\u0435\u043d\u0438\u0435 #12",
      "action_flag": 1,
      "change_message": "[{\"added\": {}}]"
    }
  },
  {
    "model": "admin.logentry",
    "pk": 45,
    "fields": {
      "action_time": "2017-10-24T10:54:40.056Z",
      "user": 1,
      "content_type": 15,
      "object_id": "7",
      "object_repr": "\u0418\u0437\u043e\u0431\u0440\u0430\u0436\u0435\u043d\u0438\u0435 #7",
      "action_flag": 2,
      "change_message": "[{\"changed\": {\"fields\": [\"is_visible\"]}}]"
    }
  },
  {
    "model": "admin.logentry",
    "pk": 46,
    "fields": {
      "action_time": "2017-10-24T10:54:40.362Z",
      "user": 1,
      "content_type": 15,
      "object_id": "6",
      "object_repr": "\u0418\u0437\u043e\u0431\u0440\u0430\u0436\u0435\u043d\u0438\u0435 #6",
      "action_flag": 2,
      "change_message": "[{\"changed\": {\"fields\": [\"is_visible\"]}}]"
    }
  },
  {
    "model": "admin.logentry",
    "pk": 47,
    "fields": {
      "action_time": "2017-10-24T13:49:20.365Z",
      "user": 1,
      "content_type": 16,
      "object_id": "1",
      "object_repr": "\u0412\u0438\u0434\u0435\u043e 1",
      "action_flag": 1,
      "change_message": "[{\"added\": {}}]"
    }
  },
  {
    "model": "admin.logentry",
    "pk": 48,
    "fields": {
      "action_time": "2017-10-24T13:49:26.075Z",
      "user": 1,
      "content_type": 16,
      "object_id": "2",
      "object_repr": "\u0412\u0438\u0434\u0435\u043e 2",
      "action_flag": 1,
      "change_message": "[{\"added\": {}}]"
    }
  },
  {
    "model": "admin.logentry",
    "pk": 49,
    "fields": {
      "action_time": "2017-10-24T13:49:33.075Z",
      "user": 1,
      "content_type": 16,
      "object_id": "3",
      "object_repr": "\u0412\u0438\u0434\u0435\u043e 3",
      "action_flag": 1,
      "change_message": "[{\"added\": {}}]"
    }
  },
  {
    "model": "admin.logentry",
    "pk": 50,
    "fields": {
      "action_time": "2017-10-25T07:56:07.917Z",
      "user": 1,
      "content_type": 17,
      "object_id": "1",
      "object_repr": "\u0418\u043d\u0442\u0435\u0440\u0432\u044c\u044e \u0441 \u0414\u0430\u0432\u0438\u0434\u043e\u043c \u0414\u0438\u0434\u0430\u0440\u043e\u0432\u044b\u043c",
      "action_flag": 1,
      "change_message": "[{\"added\": {}}]"
    }
  },
  {
    "model": "admin.logentry",
    "pk": 51,
    "fields": {
      "action_time": "2017-10-25T07:56:19.077Z",
      "user": 1,
      "content_type": 17,
      "object_id": "2",
      "object_repr": "\u0418\u043d\u0442\u0435\u0440\u0432\u044c\u044e \u0441 \u0414\u0430\u0432\u0438\u0434\u043e\u043c \u0414\u0438\u0434\u0430\u0440\u043e\u0432\u044b\u043c",
      "action_flag": 1,
      "change_message": "[{\"added\": {}}]"
    }
  },
  {
    "model": "admin.logentry",
    "pk": 52,
    "fields": {
      "action_time": "2017-10-25T07:56:26.848Z",
      "user": 1,
      "content_type": 17,
      "object_id": "3",
      "object_repr": "\u0418\u043d\u0442\u0435\u0440\u0432\u044c\u044e \u0441 \u0414\u0430\u0432\u0438\u0434\u043e\u043c \u0414\u0438\u0434\u0430\u0440\u043e\u0432\u044b\u043c",
      "action_flag": 1,
      "change_message": "[{\"added\": {}}]"
    }
  },
  {
    "model": "admin.logentry",
    "pk": 53,
    "fields": {
      "action_time": "2017-10-25T08:14:08.009Z",
      "user": 1,
      "content_type": 18,
      "object_id": "1",
      "object_repr": "Banner object",
      "action_flag": 1,
      "change_message": "[{\"added\": {}}]"
    }
  },
  {
    "model": "admin.logentry",
    "pk": 54,
    "fields": {
      "action_time": "2017-10-25T08:14:17.929Z",
      "user": 1,
      "content_type": 18,
      "object_id": "2",
      "object_repr": "Banner object",
      "action_flag": 1,
      "change_message": "[{\"added\": {}}]"
    }
  },
  {
    "model": "admin.logentry",
    "pk": 55,
    "fields": {
      "action_time": "2017-10-25T08:14:27.229Z",
      "user": 1,
      "content_type": 18,
      "object_id": "3",
      "object_repr": "Banner object",
      "action_flag": 1,
      "change_message": "[{\"added\": {}}]"
    }
  },
  {
    "model": "admin.logentry",
    "pk": 56,
    "fields": {
      "action_time": "2017-10-25T08:14:37.791Z",
      "user": 1,
      "content_type": 18,
      "object_id": "4",
      "object_repr": "Banner object",
      "action_flag": 1,
      "change_message": "[{\"added\": {}}]"
    }
  },
  {
    "model": "admin.logentry",
    "pk": 57,
    "fields": {
      "action_time": "2017-10-26T09:08:35.262Z",
      "user": 1,
      "content_type": 25,
      "object_id": "1",
      "object_repr": "\u0424\u041a \"\u0428\u0430\u0445\u0442\u0451\u0440\" \u0421\u0430\u0434\u043e\u043d",
      "action_flag": 1,
      "change_message": "[{\"added\": {}}]"
    }
  },
  {
    "model": "admin.logentry",
    "pk": 58,
    "fields": {
      "action_time": "2017-10-26T10:05:43.460Z",
      "user": 1,
      "content_type": 24,
      "object_id": "1",
      "object_repr": "\u0412\u0440\u0430\u0442\u0430\u0440\u044c",
      "action_flag": 1,
      "change_message": "[{\"added\": {}}]"
    }
  },
  {
    "model": "admin.logentry",
    "pk": 59,
    "fields": {
      "action_time": "2017-10-26T10:05:52.850Z",
      "user": 1,
      "content_type": 24,
      "object_id": "2",
      "object_repr": "\u0417\u0430\u0449\u0438\u0442\u043d\u0438\u043a",
      "action_flag": 1,
      "change_message": "[{\"added\": {}}]"
    }
  },
  {
    "model": "admin.logentry",
    "pk": 60,
    "fields": {
      "action_time": "2017-10-26T10:05:59.581Z",
      "user": 1,
      "content_type": 24,
      "object_id": "3",
      "object_repr": "\u041f\u043e\u043b\u0443\u0437\u0430\u0449\u0438\u0442\u043d\u0438\u043a",
      "action_flag": 1,
      "change_message": "[{\"added\": {}}]"
    }
  },
  {
    "model": "admin.logentry",
    "pk": 61,
    "fields": {
      "action_time": "2017-10-26T10:06:07.701Z",
      "user": 1,
      "content_type": 24,
      "object_id": "4",
      "object_repr": "\u041d\u0430\u0434\u0430\u044e\u0449\u0438\u0439",
      "action_flag": 1,
      "change_message": "[{\"added\": {}}]"
    }
  },
  {
    "model": "admin.logentry",
    "pk": 62,
    "fields": {
      "action_time": "2017-10-26T10:09:35.578Z",
      "user": 1,
      "content_type": 23,
      "object_id": "1",
      "object_repr": "\u041c\u043e\u0437\u0433\u043e\u0432\u043e\u0439 \u0410\u043d\u0442\u043e\u043d",
      "action_flag": 1,
      "change_message": "[{\"added\": {}}]"
    }
  },
  {
    "model": "admin.logentry",
    "pk": 63,
    "fields": {
      "action_time": "2017-10-26T10:10:08.001Z",
      "user": 1,
      "content_type": 25,
      "object_id": "1",
      "object_repr": "\u0424\u041a \"\u0428\u0430\u0445\u0442\u0451\u0440\" \u0421\u0430\u0434\u043e\u043d",
      "action_flag": 2,
      "change_message": "[{\"changed\": {\"fields\": [\"description\"]}}]"
    }
  },
  {
    "model": "admin.logentry",
    "pk": 64,
    "fields": {
      "action_time": "2017-10-26T10:20:55.453Z",
      "user": 1,
      "content_type": 26,
      "object_id": "1",
      "object_repr": "\u0421\u0435\u0437\u043e\u043d 2017",
      "action_flag": 1,
      "change_message": "[{\"added\": {}}]"
    }
  },
  {
    "model": "admin.logentry",
    "pk": 65,
    "fields": {
      "action_time": "2017-10-26T11:05:48.208Z",
      "user": 1,
      "content_type": 21,
      "object_id": "1",
      "object_repr": "\u041e\u0441\u043d\u043e\u0432\u043d\u0430\u044f \u0433\u0440\u0443\u043f\u043f\u0430",
      "action_flag": 1,
      "change_message": "[{\"added\": {}}]"
    }
  },
  {
    "model": "admin.logentry",
    "pk": 66,
    "fields": {
      "action_time": "2017-10-26T11:11:17.448Z",
      "user": 1,
      "content_type": 25,
      "object_id": "2",
      "object_repr": "\u0424\u041a \"\u0413\u0430\u043b\u043e\u043d\"",
      "action_flag": 1,
      "change_message": "[{\"added\": {}}]"
    }
  },
  {
    "model": "admin.logentry",
    "pk": 67,
    "fields": {
      "action_time": "2017-10-26T11:13:05.910Z",
      "user": 1,
      "content_type": 21,
      "object_id": "1",
      "object_repr": "\u041e\u0441\u043d\u043e\u0432\u043d\u0430\u044f \u0433\u0440\u0443\u043f\u043f\u0430",
      "action_flag": 2,
      "change_message": "[{\"changed\": {\"fields\": [\"teams\"]}}]"
    }
  },
  {
    "model": "admin.logentry",
    "pk": 68,
    "fields": {
      "action_time": "2017-10-26T11:31:24.825Z",
      "user": 1,
      "content_type": 22,
      "object_id": "1",
      "object_repr": "\u0424\u041a \"\u0413\u0430\u043b\u043e\u043d\" - \u0424\u041a \"\u0428\u0430\u0445\u0442\u0451\u0440\" \u0421\u0430\u0434\u043e\u043d",
      "action_flag": 1,
      "change_message": "[{\"added\": {}}]"
    }
  },
  {
    "model": "admin.logentry",
    "pk": 69,
    "fields": {
      "action_time": "2017-10-26T11:37:56.378Z",
      "user": 1,
      "content_type": 26,
      "object_id": "1",
      "object_repr": "\u0421\u0435\u0437\u043e\u043d 2017",
      "action_flag": 2,
      "change_message": "[{\"added\": {\"name\": \"tournament player\", \"object\": \"TournamentPlayer object\"}}]"
    }
  },
  {
    "model": "admin.logentry",
    "pk": 70,
    "fields": {
      "action_time": "2017-10-26T11:57:54.526Z",
      "user": 1,
      "content_type": 20,
      "object_id": "1",
      "object_repr": "\u0413\u043e\u043b",
      "action_flag": 1,
      "change_message": "[{\"added\": {}}]"
    }
  },
  {
    "model": "admin.logentry",
    "pk": 71,
    "fields": {
      "action_time": "2017-10-26T11:57:56.916Z",
      "user": 1,
      "content_type": 20,
      "object_id": "1",
      "object_repr": "\u0413\u043e\u043b",
      "action_flag": 2,
      "change_message": "[]"
    }
  },
  {
    "model": "admin.logentry",
    "pk": 72,
    "fields": {
      "action_time": "2017-10-26T11:58:03.967Z",
      "user": 1,
      "content_type": 20,
      "object_id": "2",
      "object_repr": "\u0416\u0451\u043b\u0442\u0430\u044f \u043a\u0430\u0440\u0442\u043e\u0447\u043a\u0430",
      "action_flag": 1,
      "change_message": "[{\"added\": {}}]"
    }
  },
  {
    "model": "admin.logentry",
    "pk": 73,
    "fields": {
      "action_time": "2017-10-26T11:58:10.857Z",
      "user": 1,
      "content_type": 20,
      "object_id": "3",
      "object_repr": "\u041a\u0440\u0430\u0441\u043d\u0430\u044f \u043a\u0430\u0440\u0442\u043e\u0447\u043a\u0430",
      "action_flag": 1,
      "change_message": "[{\"added\": {}}]"
    }
  },
  {
    "model": "admin.logentry",
    "pk": 74,
    "fields": {
      "action_time": "2017-10-26T12:31:54.217Z",
      "user": 1,
      "content_type": 22,
      "object_id": "1",
      "object_repr": "\u0424\u041a \"\u0413\u0430\u043b\u043e\u043d\" - \u0424\u041a \"\u0428\u0430\u0445\u0442\u0451\u0440\" \u0421\u0430\u0434\u043e\u043d",
      "action_flag": 2,
      "change_message": "[{\"added\": {\"name\": \"\\u0421\\u043e\\u0431\\u044b\\u0442\\u0438\\u0435\", \"object\": \"\\u0413\\u043e\\u043b (\\u0424\\u041a \\\"\\u0413\\u0430\\u043b\\u043e\\u043d\\\" - \\u0424\\u041a \\\"\\u0428\\u0430\\u0445\\u0442\\u0451\\u0440\\\" \\u0421\\u0430\\u0434\\u043e\\u043d)\"}}]"
    }
  },
  {
    "model": "admin.logentry",
    "pk": 75,
    "fields": {
      "action_time": "2017-10-26T12:32:30.128Z",
      "user": 1,
      "content_type": 22,
      "object_id": "1",
      "object_repr": "\u0424\u041a \"\u0413\u0430\u043b\u043e\u043d\" - \u0424\u041a \"\u0428\u0430\u0445\u0442\u0451\u0440\" \u0421\u0430\u0434\u043e\u043d",
      "action_flag": 2,
      "change_message": "[{\"added\": {\"name\": \"\\u0421\\u043e\\u0431\\u044b\\u0442\\u0438\\u0435\", \"object\": \"\\u041a\\u0440\\u0430\\u0441\\u043d\\u0430\\u044f \\u043a\\u0430\\u0440\\u0442\\u043e\\u0447\\u043a\\u0430 (\\u0424\\u041a \\\"\\u0413\\u0430\\u043b\\u043e\\u043d\\\" - \\u0424\\u041a \\\"\\u0428\\u0430\\u0445\\u0442\\u0451\\u0440\\\" \\u0421\\u0430\\u0434\\u043e\\u043d)\"}}]"
    }
  },
  {
    "model": "admin.logentry",
    "pk": 76,
    "fields": {
      "action_time": "2017-10-26T13:02:02.777Z",
      "user": 1,
      "content_type": 22,
      "object_id": "1",
      "object_repr": "\u0424\u041a \"\u0413\u0430\u043b\u043e\u043d\" - \u0424\u041a \"\u0428\u0430\u0445\u0442\u0451\u0440\" \u0421\u0430\u0434\u043e\u043d",
      "action_flag": 2,
      "change_message": "[{\"changed\": {\"fields\": [\"match_date\"]}}]"
    }
  },
  {
    "model": "admin.logentry",
    "pk": 77,
    "fields": {
      "action_time": "2017-10-27T07:31:11.220Z",
      "user": 1,
      "content_type": 28,
      "object_id": "1",
      "object_repr": "PersonWidget object",
      "action_flag": 1,
      "change_message": "[{\"added\": {}}]"
    }
  },
  {
    "model": "admin.logentry",
    "pk": 78,
    "fields": {
      "action_time": "2017-10-27T07:43:42.280Z",
      "user": 1,
      "content_type": 28,
      "object_id": "1",
      "object_repr": "PersonWidget object",
      "action_flag": 2,
      "change_message": "[{\"changed\": {\"fields\": [\"is_visible\"]}}]"
    }
  },
  {
    "model": "admin.logentry",
    "pk": 79,
    "fields": {
      "action_time": "2017-10-27T07:43:50.402Z",
      "user": 1,
      "content_type": 28,
      "object_id": "1",
      "object_repr": "PersonWidget object",
      "action_flag": 2,
      "change_message": "[{\"changed\": {\"fields\": [\"is_visible\"]}}]"
    }
  },
  {
    "model": "admin.logentry",
    "pk": 80,
    "fields": {
      "action_time": "2017-10-27T21:52:18.998Z",
      "user": 1,
      "content_type": 26,
      "object_id": "1",
      "object_repr": "\u0421\u0435\u0437\u043e\u043d 2017",
      "action_flag": 3,
      "change_message": ""
    }
  },
  {
    "model": "admin.logentry",
    "pk": 81,
    "fields": {
      "action_time": "2017-10-27T21:55:12.138Z",
      "user": 1,
      "content_type": 25,
      "object_id": "3",
      "object_repr": "\u041b\u0438\u0434\u0441-12",
      "action_flag": 1,
      "change_message": "[{\"added\": {}}]"
    }
  },
  {
    "model": "admin.logentry",
    "pk": 82,
    "fields": {
      "action_time": "2017-10-27T21:55:22.633Z",
      "user": 1,
      "content_type": 25,
      "object_id": "4",
      "object_repr": "\u041d\u0430\u0440\u0442",
      "action_flag": 1,
      "change_message": "[{\"added\": {}}]"
    }
  },
  {
    "model": "admin.logentry",
    "pk": 83,
    "fields": {
      "action_time": "2017-10-27T21:56:00.613Z",
      "user": 1,
      "content_type": 25,
      "object_id": "5",
      "object_repr": "\u041d\u0438\u0446\u0446\u0430",
      "action_flag": 1,
      "change_message": "[{\"added\": {}}]"
    }
  },
  {
    "model": "admin.logentry",
    "pk": 84,
    "fields": {
      "action_time": "2017-10-27T21:56:14.060Z",
      "user": 1,
      "content_type": 25,
      "object_id": "6",
      "object_repr": "\u0421\u043f\u0430\u0440\u0442\u0430\u043a",
      "action_flag": 1,
      "change_message": "[{\"added\": {}}]"
    }
  },
  {
    "model": "admin.logentry",
    "pk": 85,
    "fields": {
      "action_time": "2017-10-27T21:58:08.158Z",
      "user": 1,
      "content_type": 25,
      "object_id": "6",
      "object_repr": "\u0421\u043f\u0430\u0440\u0442\u0430\u043a",
      "action_flag": 2,
      "change_message": "[{\"changed\": {\"fields\": [\"logo\"]}}]"
    }
  },
  {
    "model": "admin.logentry",
    "pk": 86,
    "fields": {
      "action_time": "2017-10-27T21:58:27.100Z",
      "user": 1,
      "content_type": 25,
      "object_id": "6",
      "object_repr": "\u0421\u043f\u0430\u0440\u0442\u0430\u043a",
      "action_flag": 2,
      "change_message": "[]"
    }
  },
  {
    "model": "admin.logentry",
    "pk": 87,
    "fields": {
      "action_time": "2017-10-27T21:58:53.495Z",
      "user": 1,
      "content_type": 25,
      "object_id": "4",
      "object_repr": "\u041d\u0430\u0440\u0442",
      "action_flag": 2,
      "change_message": "[{\"changed\": {\"fields\": [\"logo\"]}}]"
    }
  },
  {
    "model": "admin.logentry",
    "pk": 88,
    "fields": {
      "action_time": "2017-10-27T21:59:06.580Z",
      "user": 1,
      "content_type": 25,
      "object_id": "4",
      "object_repr": "\u041d\u0430\u0440\u0442",
      "action_flag": 2,
      "change_message": "[]"
    }
  },
  {
    "model": "admin.logentry",
    "pk": 89,
    "fields": {
      "action_time": "2017-10-27T21:59:39.113Z",
      "user": 1,
      "content_type": 25,
      "object_id": "3",
      "object_repr": "\u041b\u0438\u0434\u0441-12",
      "action_flag": 2,
      "change_message": "[{\"changed\": {\"fields\": [\"logo\"]}}]"
    }
  },
  {
    "model": "admin.logentry",
    "pk": 90,
    "fields": {
      "action_time": "2017-10-27T22:00:06.762Z",
      "user": 1,
      "content_type": 25,
      "object_id": "2",
      "object_repr": "\u0424\u041a \"\u0413\u0430\u043b\u043e\u043d\"",
      "action_flag": 2,
      "change_message": "[{\"changed\": {\"fields\": [\"logo\"]}}]"
    }
  },
  {
    "model": "admin.logentry",
    "pk": 91,
    "fields": {
      "action_time": "2017-10-27T22:00:31.965Z",
      "user": 1,
      "content_type": 25,
      "object_id": "1",
      "object_repr": "\u0424\u041a \"\u0428\u0430\u0445\u0442\u0451\u0440\" \u0421\u0430\u0434\u043e\u043d",
      "action_flag": 2,
      "change_message": "[{\"changed\": {\"fields\": [\"logo\"]}}]"
    }
  },
  {
    "model": "admin.logentry",
    "pk": 92,
    "fields": {
      "action_time": "2017-10-27T22:01:00.018Z",
      "user": 1,
      "content_type": 25,
      "object_id": "7",
      "object_repr": "\u0413\u043e\u0440\u043e\u0436\u0430\u043d\u0438\u043d",
      "action_flag": 1,
      "change_message": "[{\"added\": {}}]"
    }
  },
  {
    "model": "admin.logentry",
    "pk": 93,
    "fields": {
      "action_time": "2017-10-27T22:01:45.152Z",
      "user": 1,
      "content_type": 25,
      "object_id": "8",
      "object_repr": "\u0418\u0440\u0438\u0441\u0442\u043e\u043d",
      "action_flag": 1,
      "change_message": "[{\"added\": {}}]"
    }
  },
  {
    "model": "admin.logentry",
    "pk": 94,
    "fields": {
      "action_time": "2017-10-27T22:02:07.070Z",
      "user": 1,
      "content_type": 25,
      "object_id": "9",
      "object_repr": "\u042d\u043b\u044c-\u041f\u043e\u043b\u0435",
      "action_flag": 1,
      "change_message": "[{\"added\": {}}]"
    }
  },
  {
    "model": "admin.logentry",
    "pk": 95,
    "fields": {
      "action_time": "2017-10-27T22:02:37.737Z",
      "user": 1,
      "content_type": 25,
      "object_id": "10",
      "object_repr": "\u042d\u043b\u0435\u043a\u0442\u0440\u043e\u0446\u0438\u043d\u043a",
      "action_flag": 1,
      "change_message": "[{\"added\": {}}]"
    }
  },
  {
    "model": "admin.logentry",
    "pk": 96,
    "fields": {
      "action_time": "2017-10-27T22:03:13.890Z",
      "user": 1,
      "content_type": 25,
      "object_id": "11",
      "object_repr": "\u0412\u0430\u0448\u0438\u043d\u0433\u0442\u043e\u043d",
      "action_flag": 1,
      "change_message": "[{\"added\": {}}]"
    }
  },
  {
    "model": "admin.logentry",
    "pk": 97,
    "fields": {
      "action_time": "2017-10-27T22:03:25.335Z",
      "user": 1,
      "content_type": 25,
      "object_id": "12",
      "object_repr": "\u0421\u0443\u043d\u0436\u0430",
      "action_flag": 1,
      "change_message": "[{\"added\": {}}]"
    }
  },
  {
    "model": "admin.logentry",
    "pk": 98,
    "fields": {
      "action_time": "2017-10-27T22:03:50.297Z",
      "user": 1,
      "content_type": 25,
      "object_id": "13",
      "object_repr": "\u0427\u0435\u0440\u043c\u0435\u043d-\u041a\u0438\u043c\u043c\u0435\u0440\u0438",
      "action_flag": 1,
      "change_message": "[{\"added\": {}}]"
    }
  },
  {
    "model": "admin.logentry",
    "pk": 99,
    "fields": {
      "action_time": "2017-10-27T22:04:14.888Z",
      "user": 1,
      "content_type": 25,
      "object_id": "14",
      "object_repr": "\u0424\u0430\u0432\u043e\u0440\u0438\u0442",
      "action_flag": 1,
      "change_message": "[{\"added\": {}}]"
    }
  },
  {
    "model": "admin.logentry",
    "pk": 100,
    "fields": {
      "action_time": "2017-10-27T22:04:53.410Z",
      "user": 1,
      "content_type": 25,
      "object_id": "15",
      "object_repr": "\u041b\u0438\u0432\u0435\u0440\u043f\u0443\u043b\u044c",
      "action_flag": 1,
      "change_message": "[{\"added\": {}}]"
    }
  },
  {
    "model": "admin.logentry",
    "pk": 101,
    "fields": {
      "action_time": "2017-10-27T22:05:17.363Z",
      "user": 1,
      "content_type": 25,
      "object_id": "16",
      "object_repr": "\u0411\u0430\u0440\u0441",
      "action_flag": 1,
      "change_message": "[{\"added\": {}}]"
    }
  },
  {
    "model": "admin.logentry",
    "pk": 102,
    "fields": {
      "action_time": "2017-10-27T22:05:54.921Z",
      "user": 1,
      "content_type": 25,
      "object_id": "17",
      "object_repr": "\u0418\u0440\u044b\u0441\u0442\u043e\u043d\u044b \u0443\u0430\u0440\u0442",
      "action_flag": 1,
      "change_message": "[{\"added\": {}}]"
    }
  },
  {
    "model": "admin.logentry",
    "pk": 103,
    "fields": {
      "action_time": "2017-10-27T22:06:10.455Z",
      "user": 1,
      "content_type": 25,
      "object_id": "18",
      "object_repr": "\u0421\u043f\u0443\u0442\u043d\u0438\u043a",
      "action_flag": 1,
      "change_message": "[{\"added\": {}}]"
    }
  },
  {
    "model": "admin.logentry",
    "pk": 104,
    "fields": {
      "action_time": "2017-10-27T22:06:34.320Z",
      "user": 1,
      "content_type": 25,
      "object_id": "19",
      "object_repr": "\u0410\u043b\u0430\u043d\u0438\u044f-2015",
      "action_flag": 1,
      "change_message": "[{\"added\": {}}]"
    }
  },
  {
    "model": "admin.logentry",
    "pk": 105,
    "fields": {
      "action_time": "2017-10-27T22:06:53.497Z",
      "user": 1,
      "content_type": 25,
      "object_id": "20",
      "object_repr": "\u0411\u0435\u0441\u043b\u0430\u043d-\u041c",
      "action_flag": 1,
      "change_message": "[{\"added\": {}}]"
    }
  },
  {
    "model": "admin.logentry",
    "pk": 106,
    "fields": {
      "action_time": "2017-10-27T22:07:19.253Z",
      "user": 1,
      "content_type": 25,
      "object_id": "21",
      "object_repr": "\u0413\u0438\u0437\u0435\u043b\u044c",
      "action_flag": 1,
      "change_message": "[{\"added\": {}}]"
    }
  },
  {
    "model": "admin.logentry",
    "pk": 107,
    "fields": {
      "action_time": "2017-10-27T22:07:31.590Z",
      "user": 1,
      "content_type": 25,
      "object_id": "22",
      "object_repr": "\u042e\u0436\u043d\u044b\u0439",
      "action_flag": 1,
      "change_message": "[{\"added\": {}}]"
    }
  },
  {
    "model": "admin.logentry",
    "pk": 108,
    "fields": {
      "action_time": "2017-10-27T22:09:19.432Z",
      "user": 1,
      "content_type": 26,
      "object_id": "2",
      "object_repr": "\u0417\u0438\u043c\u043d\u0438\u0439 \u0447\u0435\u043c\u043f\u0438\u043e\u043d\u0430\u0442 \u0410\u0424\u041b/Z&Men",
      "action_flag": 1,
      "change_message": "[{\"added\": {}}, {\"added\": {\"name\": \"\\u0413\\u0440\\u0443\\u043f\\u043f\\u0430\", \"object\": \"\\u0412\\u044b\\u0441\\u0448\\u0430\\u044f \\u043b\\u0438\\u0433\\u0430 \\u0432 \\u0417\\u0438\\u043c\\u043d\\u0438\\u0439 \\u0447\\u0435\\u043c\\u043f\\u0438\\u043e\\u043d\\u0430\\u0442 \\u0410\\u0424\\u041b/Z&Men\"}}]"
    }
  },
  {
    "model": "admin.logentry",
    "pk": 109,
    "fields": {
      "action_time": "2017-10-27T22:09:31.265Z",
      "user": 1,
      "content_type": 26,
      "object_id": "2",
      "object_repr": "\u0417\u0438\u043c\u043d\u0438\u0439 \u0447\u0435\u043c\u043f\u0438\u043e\u043d\u0430\u0442 \u0410\u0424\u041b/Z&Men",
      "action_flag": 2,
      "change_message": "[]"
    }
  },
  {
    "model": "admin.logentry",
    "pk": 110,
    "fields": {
      "action_time": "2017-10-27T22:09:36.026Z",
      "user": 1,
      "content_type": 26,
      "object_id": "2",
      "object_repr": "\u0417\u0438\u043c\u043d\u0438\u0439 \u0447\u0435\u043c\u043f\u0438\u043e\u043d\u0430\u0442 \u0410\u0424\u041b/Z&Men",
      "action_flag": 2,
      "change_message": "[]"
    }
  },
  {
    "model": "admin.logentry",
    "pk": 111,
    "fields": {
      "action_time": "2017-10-27T22:18:47.225Z",
      "user": 1,
      "content_type": 22,
      "object_id": "2",
      "object_repr": "\u042d\u043b\u0435\u043a\u0442\u0440\u043e\u0446\u0438\u043d\u043a - \u0421\u043f\u0443\u0442\u043d\u0438\u043a",
      "action_flag": 1,
      "change_message": "[{\"added\": {}}]"
    }
  },
  {
    "model": "admin.logentry",
    "pk": 112,
    "fields": {
      "action_time": "2017-10-27T22:20:01.797Z",
      "user": 1,
      "content_type": 22,
      "object_id": "2",
      "object_repr": "\u042d\u043b\u0435\u043a\u0442\u0440\u043e\u0446\u0438\u043d\u043a - \u0421\u043f\u0443\u0442\u043d\u0438\u043a",
      "action_flag": 2,
      "change_message": "[]"
    }
  },
  {
    "model": "admin.logentry",
    "pk": 113,
    "fields": {
      "action_time": "2017-10-27T22:22:30.044Z",
      "user": 1,
      "content_type": 23,
      "object_id": "2",
      "object_repr": "\u0414\u0436\u0430\u043d\u0430\u0435\u0432 \u0412\u0438\u0442\u0430\u043b\u0438\u0439 \u042e\u0440\u044c\u0435\u0432\u0438\u0447",
      "action_flag": 1,
      "change_message": "[{\"added\": {}}]"
    }
  },
  {
    "model": "admin.logentry",
    "pk": 114,
    "fields": {
      "action_time": "2017-10-27T22:24:38.596Z",
      "user": 1,
      "content_type": 23,
      "object_id": "3",
      "object_repr": "\u0421\u0438\u0442\u043e\u0445\u043e\u0432 \u0420\u0443\u0441\u043b\u0430\u043d \u0411\u043e\u0440\u0438\u0441\u043e\u0432\u0438\u0447",
      "action_flag": 1,
      "change_message": "[{\"added\": {}}]"
    }
  },
  {
    "model": "admin.logentry",
    "pk": 115,
    "fields": {
      "action_time": "2017-10-27T22:37:45.794Z",
      "user": 1,
      "content_type": 23,
      "object_id": "4",
      "object_repr": "\u041a\u0430\u0439\u0441\u0438\u043d\u043e\u0432 \u0420\u0443\u0441\u0442\u0430\u043c \u0425\u0435\u0441\u0442\u0430\u043d\u043e\u0432\u0438\u0447",
      "action_flag": 1,
      "change_message": "[{\"added\": {}}]"
    }
  },
  {
    "model": "admin.logentry",
    "pk": 116,
    "fields": {
      "action_time": "2017-10-27T22:39:06.676Z",
      "user": 1,
      "content_type": 23,
      "object_id": "5",
      "object_repr": "\u0414\u0437\u0435\u0431\u0438\u0441\u043e\u0432 \u0410\u043b\u044c\u0431\u0435\u0440\u0442 \u042d\u0434\u0443\u0430\u0440\u0434\u043e\u0432\u0438\u0447",
      "action_flag": 1,
      "change_message": "[{\"added\": {}}]"
    }
  },
  {
    "model": "admin.logentry",
    "pk": 117,
    "fields": {
      "action_time": "2017-10-27T22:40:19.823Z",
      "user": 1,
      "content_type": 23,
      "object_id": "6",
      "object_repr": "\u0422\u0430\u043a\u043e\u0435\u0432 \u041a\u043e\u043d\u0441\u0442\u0430\u043d\u0442\u0438\u043d \u041c\u0443\u0440\u0430\u0442\u043e\u0432\u0438\u0447",
      "action_flag": 1,
      "change_message": "[{\"added\": {}}]"
    }
  },
  {
    "model": "admin.logentry",
    "pk": 118,
    "fields": {
      "action_time": "2017-10-27T22:40:32.287Z",
      "user": 1,
      "content_type": 23,
      "object_id": "5",
      "object_repr": "\u0414\u0437\u0435\u0431\u0438\u0441\u043e\u0432 \u0410\u043b\u044c\u0431\u0435\u0440\u0442 \u042d\u0434\u0443\u0430\u0440\u0434\u043e\u0432\u0438\u0447",
      "action_flag": 2,
      "change_message": "[{\"changed\": {\"fields\": [\"team\"]}}]"
    }
  },
  {
    "model": "admin.logentry",
    "pk": 119,
    "fields": {
      "action_time": "2017-10-27T22:41:39.299Z",
      "user": 1,
      "content_type": 23,
      "object_id": "7",
      "object_repr": "\u0410\u0439\u043b\u044f\u0440\u043e\u0432 \u041c\u0430\u0440\u0430\u0442 \u0425\u0430\u0437\u0431\u0430\u0442\u0440\u043e\u0432\u0438\u0447",
      "action_flag": 1,
      "change_message": "[{\"added\": {}}]"
    }
  },
  {
    "model": "admin.logentry",
    "pk": 120,
    "fields": {
      "action_time": "2017-10-27T22:42:42.339Z",
      "user": 1,
      "content_type": 23,
      "object_id": "8",
      "object_repr": "\u0413\u0430\u0433\u043a\u0430\u0435\u0432 \u0421\u043e\u0441\u043b\u0430\u043d \u0410\u043b\u0430\u043d\u043e\u0432\u0438\u0447",
      "action_flag": 1,
      "change_message": "[{\"added\": {}}]"
    }
  },
  {
    "model": "admin.logentry",
    "pk": 121,
    "fields": {
      "action_time": "2017-10-27T22:43:54.123Z",
      "user": 1,
      "content_type": 23,
      "object_id": "9",
      "object_repr": "\u0411\u0438\u043b\u0430\u043e\u043d\u043e\u0432 \u041c\u0438\u0445\u0430\u0438\u043b \u041f\u0430\u0432\u043b\u043e\u0432\u0438\u0447",
      "action_flag": 1,
      "change_message": "[{\"added\": {}}]"
    }
  },
  {
    "model": "admin.logentry",
    "pk": 122,
    "fields": {
      "action_time": "2017-10-27T22:44:40.490Z",
      "user": 1,
      "content_type": 23,
      "object_id": "10",
      "object_repr": "\u0422\u043e\u0433\u043e\u0435\u0432 \u0414\u0430\u0432\u0438\u0434 \u0413\u0438\u0432\u0438\u0435\u0432\u0438\u0447",
      "action_flag": 1,
      "change_message": "[{\"added\": {}}]"
    }
  },
  {
    "model": "admin.logentry",
    "pk": 123,
    "fields": {
      "action_time": "2017-10-27T22:46:18.627Z",
      "user": 1,
      "content_type": 23,
      "object_id": "11",
      "object_repr": "\u041a\u0430\u0431\u0438\u0441\u043e\u0432 \u0410\u0440\u0441\u0435\u043d \u0420\u043e\u0431\u0435\u0440\u0442\u043e\u0432\u0438\u0447",
      "action_flag": 1,
      "change_message": "[{\"added\": {}}]"
    }
  },
  {
    "model": "admin.logentry",
    "pk": 124,
    "fields": {
      "action_time": "2017-10-27T22:47:28.618Z",
      "user": 1,
      "content_type": 23,
      "object_id": "12",
      "object_repr": "\u041f\u0435\u0440\u0441\u0430\u0435\u0432 \u0425\u0435\u0442\u0430\u0433 \u0413\u0435\u0440\u043c\u0430\u043d\u043e\u0432\u0438\u0447",
      "action_flag": 1,
      "change_message": "[{\"added\": {}}]"
    }
  },
  {
    "model": "admin.logentry",
    "pk": 125,
    "fields": {
      "action_time": "2017-10-27T22:50:06.219Z",
      "user": 1,
      "content_type": 23,
      "object_id": "13",
      "object_repr": "\u0413\u0430\u043c\u0430\u043e\u043d\u043e\u0432 \u0421\u043e\u0441\u043b\u0430\u043d \u0413\u0435\u043e\u0440\u0433\u0438\u0435\u0432\u0438\u0447",
      "action_flag": 1,
      "change_message": "[{\"added\": {}}]"
    }
  },
  {
    "model": "admin.logentry",
    "pk": 126,
    "fields": {
      "action_time": "2017-10-27T22:51:59.621Z",
      "user": 1,
      "content_type": 23,
      "object_id": "2",
      "object_repr": "\u0414\u0436\u0430\u043d\u0430\u0435\u0432 \u0412\u0438\u0442\u0430\u043b\u0438\u0439 \u042e\u0440\u044c\u0435\u0432\u0438\u0447",
      "action_flag": 2,
      "change_message": "[{\"changed\": {\"fields\": [\"photo\"]}}]"
    }
  },
  {
    "model": "admin.logentry",
    "pk": 127,
    "fields": {
      "action_time": "2017-10-27T22:52:17.591Z",
      "user": 1,
      "content_type": 23,
      "object_id": "13",
      "object_repr": "\u0413\u0430\u043c\u0430\u043e\u043d\u043e\u0432 \u0421\u043e\u0441\u043b\u0430\u043d \u0413\u0435\u043e\u0440\u0433\u0438\u0435\u0432\u0438\u0447",
      "action_flag": 2,
      "change_message": "[]"
    }
  },
  {
    "model": "admin.logentry",
    "pk": 128,
    "fields": {
      "action_time": "2017-10-27T22:53:00.031Z",
      "user": 1,
      "content_type": 23,
      "object_id": "14",
      "object_repr": "\u0428\u0430\u0432\u043b\u043e\u0445\u043e\u0432 \u0414\u0430\u0432\u0438\u0434 \u0424\u0435\u043b\u0438\u043a\u0441\u043e\u0432\u0438\u0447",
      "action_flag": 1,
      "change_message": "[{\"added\": {}}]"
    }
  },
  {
    "model": "admin.logentry",
    "pk": 129,
    "fields": {
      "action_time": "2017-10-27T22:53:40.505Z",
      "user": 1,
      "content_type": 23,
      "object_id": "15",
      "object_repr": "\u0414\u0437\u0430\u0445\u043e\u0432 \u0414\u0430\u0432\u0438\u0434 \u042e\u0440\u044c\u0435\u0432\u0438\u0447",
      "action_flag": 1,
      "change_message": "[{\"added\": {}}]"
    }
  },
  {
    "model": "admin.logentry",
    "pk": 130,
    "fields": {
      "action_time": "2017-10-27T22:54:58.784Z",
      "user": 1,
      "content_type": 23,
      "object_id": "16",
      "object_repr": "\u041c\u0435\u043b\u043a\u043e\u043d\u044f\u043d\u0446 \u0411\u0430\u0433\u0440\u0430\u0442 \u0413\u0435\u043e\u0440\u0433\u0438\u0435\u0432\u0438\u0447",
      "action_flag": 1,
      "change_message": "[{\"added\": {}}]"
    }
  },
  {
    "model": "admin.logentry",
    "pk": 131,
    "fields": {
      "action_time": "2017-10-27T22:56:38.914Z",
      "user": 1,
      "content_type": 23,
      "object_id": "17",
      "object_repr": "\u0414\u0437\u0443\u043a\u0430\u0435\u0432 \u0425\u0435\u0442\u0430\u0433 \u041c\u0435\u0440\u0441\u0438\u043a\u043e\u0432\u0438\u0447",
      "action_flag": 1,
      "change_message": "[{\"added\": {}}]"
    }
  },
  {
    "model": "admin.logentry",
    "pk": 132,
    "fields": {
      "action_time": "2017-10-27T23:16:25.167Z",
      "user": 1,
      "content_type": 23,
      "object_id": "18",
      "object_repr": "\u0414\u0436\u0438\u043e\u0435\u0432 \u0410\u0446\u0430\u043c\u0430\u0437 \u0420\u0430\u0434\u0438\u043e\u043d\u043e\u0432\u0438\u0447",
      "action_flag": 1,
      "change_message": "[{\"added\": {}}]"
    }
  },
  {
    "model": "admin.logentry",
    "pk": 133,
    "fields": {
      "action_time": "2017-10-27T23:17:59.909Z",
      "user": 1,
      "content_type": 23,
      "object_id": "19",
      "object_repr": "\u0414\u0436\u0438\u043e\u0435\u0432 \u0410\u0440\u043a\u0430\u0434\u0438\u0439 \u0420\u0430\u0434\u0438\u043e\u043d\u043e\u0432\u0438\u0447",
      "action_flag": 1,
      "change_message": "[{\"added\": {}}]"
    }
  },
  {
    "model": "admin.logentry",
    "pk": 134,
    "fields": {
      "action_time": "2017-10-27T23:18:39.294Z",
      "user": 1,
      "content_type": 23,
      "object_id": "20",
      "object_repr": "\u0412\u0430\u043b\u0438\u0435\u0432 \u0410\u043d\u0434\u0440\u0435\u0439 \u0422\u0430\u043c\u0430\u0437\u0438\u0435\u0432\u0438\u0447",
      "action_flag": 1,
      "change_message": "[{\"added\": {}}]"
    }
  },
  {
    "model": "admin.logentry",
    "pk": 135,
    "fields": {
      "action_time": "2017-10-27T23:19:24.644Z",
      "user": 1,
      "content_type": 23,
      "object_id": "21",
      "object_repr": "\u0412\u0430\u043b\u0438\u0435\u0432 \u0412\u0438\u0442\u0430\u043b\u0438\u0439 \u0412\u0438\u043a\u0442\u043e\u0440\u043e\u0432\u0438\u0447",
      "action_flag": 1,
      "change_message": "[{\"added\": {}}]"
    }
  },
  {
    "model": "admin.logentry",
    "pk": 136,
    "fields": {
      "action_time": "2017-10-27T23:20:12.576Z",
      "user": 1,
      "content_type": 23,
      "object_id": "22",
      "object_repr": "\u041c\u0443\u0437\u0430\u0435\u0432 \u041a\u043e\u0441\u0442\u0430 \u0422\u0430\u043c\u0430\u0437\u0438\u0435\u0432\u0438\u0447",
      "action_flag": 1,
      "change_message": "[{\"added\": {}}]"
    }
  },
  {
    "model": "admin.logentry",
    "pk": 137,
    "fields": {
      "action_time": "2017-10-27T23:21:49.906Z",
      "user": 1,
      "content_type": 23,
      "object_id": "23",
      "object_repr": "\u0425\u0430\u0440\u0435\u0431\u043e\u0432 \u0412\u0438\u0442\u0430\u043b\u0438\u0439 \u0420\u043e\u0431\u0435\u0440\u0442\u043e\u0432\u0438\u0447",
      "action_flag": 1,
      "change_message": "[{\"added\": {}}]"
    }
  },
  {
    "model": "admin.logentry",
    "pk": 138,
    "fields": {
      "action_time": "2017-10-27T23:22:54.072Z",
      "user": 1,
      "content_type": 23,
      "object_id": "24",
      "object_repr": "\u041a\u0443\u043b\u0443\u043c\u0431\u0435\u0433\u043e\u0432 \u041b\u0430\u0448\u0438\u043a\u043e \u0417\u0443\u0440\u0438\u0435\u0432\u0438\u0447",
      "action_flag": 1,
      "change_message": "[{\"added\": {}}]"
    }
  },
  {
    "model": "admin.logentry",
    "pk": 139,
    "fields": {
      "action_time": "2017-10-27T23:24:23.034Z",
      "user": 1,
      "content_type": 23,
      "object_id": "25",
      "object_repr": "\u041f\u043b\u0438\u0435\u0432 \u0413\u0435\u043e\u0440\u0433\u0438\u0439 \u0412\u0430\u0436\u0430\u0435\u0432\u0438\u0447",
      "action_flag": 1,
      "change_message": "[{\"added\": {}}]"
    }
  },
  {
    "model": "admin.logentry",
    "pk": 140,
    "fields": {
      "action_time": "2017-10-27T23:24:53.867Z",
      "user": 1,
      "content_type": 23,
      "object_id": "25",
      "object_repr": "\u041f\u043b\u0438\u0435\u0432 \u0413\u0435\u043e\u0440\u0433\u0438\u0439 \u0412\u0430\u0436\u0430\u0435\u0432\u0438\u0447",
      "action_flag": 2,
      "change_message": "[{\"changed\": {\"fields\": [\"photo\"]}}]"
    }
  },
  {
    "model": "admin.logentry",
    "pk": 141,
    "fields": {
      "action_time": "2017-10-27T23:24:59.456Z",
      "user": 1,
      "content_type": 23,
      "object_id": "25",
      "object_repr": "\u041f\u043b\u0438\u0435\u0432 \u0413\u0435\u043e\u0440\u0433\u0438\u0439 \u0412\u0430\u0436\u0430\u0435\u0432\u0438\u0447",
      "action_flag": 2,
      "change_message": "[]"
    }
  },
  {
    "model": "admin.logentry",
    "pk": 142,
    "fields": {
      "action_time": "2017-10-27T23:26:07.967Z",
      "user": 1,
      "content_type": 23,
      "object_id": "26",
      "object_repr": "\u0426\u0445\u043e\u0432\u0440\u0435\u0431\u043e\u0432 \u041f\u0451\u0442\u0440 \u0417\u0443\u0440\u0438\u0435\u0432\u0438\u0447",
      "action_flag": 1,
      "change_message": "[{\"added\": {}}]"
    }
  },
  {
    "model": "admin.logentry",
    "pk": 143,
    "fields": {
      "action_time": "2017-10-27T23:26:41.701Z",
      "user": 1,
      "content_type": 23,
      "object_id": "27",
      "object_repr": "\u0426\u0445\u043e\u0432\u0440\u0435\u0431\u043e\u0432 \u0420\u043e\u043c\u0430\u043d \u0417\u0443\u0440\u0438\u0435\u0432\u0438\u0447",
      "action_flag": 1,
      "change_message": "[{\"added\": {}}]"
    }
  },
  {
    "model": "admin.logentry",
    "pk": 144,
    "fields": {
      "action_time": "2017-10-27T23:27:22.979Z",
      "user": 1,
      "content_type": 23,
      "object_id": "28",
      "object_repr": "\u0422\u0435\u0434\u0435\u0435\u0432 \u0420\u043e\u043c\u0430\u043d \u0414\u0436\u0443\u043c\u0431\u0435\u0440\u0438\u0435\u0432\u0438\u0447",
      "action_flag": 1,
      "change_message": "[{\"added\": {}}]"
    }
  },
  {
    "model": "admin.logentry",
    "pk": 145,
    "fields": {
      "action_time": "2017-10-27T23:30:19.486Z",
      "user": 1,
      "content_type": 23,
      "object_id": "29",
      "object_repr": "\u0411\u0438\u0442\u0430\u0440\u043e\u0432 \u0412\u0438\u043a\u0442\u043e\u0440 \u041a\u0430\u0437\u0431\u0435\u043a\u043e\u0432\u0438\u0447",
      "action_flag": 1,
      "change_message": "[{\"added\": {}}]"
    }
  },
  {
    "model": "admin.logentry",
    "pk": 146,
    "fields": {
      "action_time": "2017-10-27T23:31:39.549Z",
      "user": 1,
      "content_type": 23,
      "object_id": "30",
      "object_repr": "\u0411\u0438\u0442\u0430\u0440\u043e\u0432 \u0413\u0435\u043e\u0440\u0433\u0438\u0439 \u041a\u0430\u0437\u0431\u0435\u043a\u043e\u0432\u0438\u0447",
      "action_flag": 1,
      "change_message": "[{\"added\": {}}]"
    }
  },
  {
    "model": "admin.logentry",
    "pk": 147,
    "fields": {
      "action_time": "2017-10-27T23:32:31.612Z",
      "user": 1,
      "content_type": 23,
      "object_id": "31",
      "object_repr": "\u0422\u0438\u0433\u0438\u0435\u0432 \u0414\u0430\u0432\u0438\u0434 \u0410\u0440\u0442\u0443\u0440\u043e\u0432\u0438\u0447",
      "action_flag": 1,
      "change_message": "[{\"added\": {}}]"
    }
  },
  {
    "model": "admin.logentry",
    "pk": 148,
    "fields": {
      "action_time": "2017-10-27T23:33:47.095Z",
      "user": 1,
      "content_type": 23,
      "object_id": "32",
      "object_repr": "\u0414\u0436\u0438\u043e\u0435\u0432 \u041b\u0435\u0432\u0430\u043d \u0413\u0438\u0432\u0438\u0435\u0432\u0438\u0447",
      "action_flag": 1,
      "change_message": "[{\"added\": {}}]"
    }
  },
  {
    "model": "admin.logentry",
    "pk": 149,
    "fields": {
      "action_time": "2017-10-27T23:34:30.985Z",
      "user": 1,
      "content_type": 23,
      "object_id": "33",
      "object_repr": "\u0411\u0430\u0431\u043a\u043e \u0421\u0435\u0440\u0433\u0435\u0439 \u0414\u043c\u0438\u0442\u0440\u0438\u0435\u0432\u0438\u0447",
      "action_flag": 1,
      "change_message": "[{\"added\": {}}]"
    }
  },
  {
    "model": "admin.logentry",
    "pk": 150,
    "fields": {
      "action_time": "2017-10-27T23:35:11.100Z",
      "user": 1,
      "content_type": 23,
      "object_id": "34",
      "object_repr": "\u041a\u0443\u0441\u0440\u0430\u0435\u0432 \u0417\u0430\u0443\u0440\u0431\u0435\u043a \u0421\u0435\u0440\u0433\u0435\u0435\u0432\u0438\u0447",
      "action_flag": 1,
      "change_message": "[{\"added\": {}}]"
    }
  },
  {
    "model": "admin.logentry",
    "pk": 151,
    "fields": {
      "action_time": "2017-10-27T23:35:57.290Z",
      "user": 1,
      "content_type": 23,
      "object_id": "35",
      "object_repr": "\u041f\u0435\u0442\u0440\u043e\u0441\u044f\u043d \u0410\u0440\u0442\u0451\u043c \u0413\u0440\u0438\u0433\u043e\u0440\u044c\u0435\u0432\u0438\u0447",
      "action_flag": 1,
      "change_message": "[{\"added\": {}}]"
    }
  },
  {
    "model": "admin.logentry",
    "pk": 152,
    "fields": {
      "action_time": "2017-10-27T23:37:16.699Z",
      "user": 1,
      "content_type": 23,
      "object_id": "36",
      "object_repr": "\u0414\u0437\u0443\u043a\u0430\u0435\u0432 \u0413\u0435\u043e\u0440\u0433\u0438\u0439 \u0412\u043b\u0430\u0434\u0438\u043c\u0438\u0440\u043e\u0432\u0438\u0447",
      "action_flag": 1,
      "change_message": "[{\"added\": {}}]"
    }
  },
  {
    "model": "admin.logentry",
    "pk": 153,
    "fields": {
      "action_time": "2017-10-27T23:38:22.709Z",
      "user": 1,
      "content_type": 23,
      "object_id": "37",
      "object_repr": "\u0411\u0443\u0442\u0430\u0435\u0432 \u0421\u0430\u0440\u043c\u0430\u0442 \u0422\u0430\u043c\u0435\u0440\u043b\u0430\u043d\u043e\u0432\u0438\u0447",
      "action_flag": 1,
      "change_message": "[{\"added\": {}}]"
    }
  },
  {
    "model": "admin.logentry",
    "pk": 154,
    "fields": {
      "action_time": "2017-10-27T23:39:15.594Z",
      "user": 1,
      "content_type": 23,
      "object_id": "38",
      "object_repr": "\u041a\u0443\u0434\u0437\u0438\u0435\u0432 \u041e\u043b\u0435\u0433 \u0422\u0430\u0439\u043c\u0443\u0440\u0430\u0437\u043e\u0432\u0438\u0447",
      "action_flag": 1,
      "change_message": "[{\"added\": {}}]"
    }
  },
  {
    "model": "admin.logentry",
    "pk": 155,
    "fields": {
      "action_time": "2017-10-27T23:40:52.011Z",
      "user": 1,
      "content_type": 23,
      "object_id": "39",
      "object_repr": "\u0410\u043c\u0431\u0430\u043b\u043e\u0432 \u0413\u0435\u043e\u0440\u0433\u0438\u0439 \u0410\u0440\u0442\u0443\u0440\u043e\u0432\u0438\u0447",
      "action_flag": 1,
      "change_message": "[{\"added\": {}}]"
    }
  },
  {
    "model": "admin.logentry",
    "pk": 156,
    "fields": {
      "action_time": "2017-10-27T23:42:01.914Z",
      "user": 1,
      "content_type": 23,
      "object_id": "40",
      "object_repr": "\u0411\u0430\u0442\u044b\u0440\u043e\u0432 \u0421\u043e\u0441\u043b\u0430\u043d \u0415\u0440\u043c\u0430\u043a\u043e\u0432\u0438\u0447",
      "action_flag": 1,
      "change_message": "[{\"added\": {}}]"
    }
  },
  {
    "model": "admin.logentry",
    "pk": 157,
    "fields": {
      "action_time": "2017-10-27T23:43:05.077Z",
      "user": 1,
      "content_type": 23,
      "object_id": "41",
      "object_repr": "\u0414\u0437\u0430\u043f\u0430\u0440\u043e\u0432 \u0410\u043b\u0430\u043d \u041e\u043b\u0435\u0433\u043e\u0432\u0438\u0447",
      "action_flag": 1,
      "change_message": "[{\"added\": {}}]"
    }
  },
  {
    "model": "admin.logentry",
    "pk": 158,
    "fields": {
      "action_time": "2017-10-27T23:50:53.838Z",
      "user": 1,
      "content_type": 22,
      "object_id": "2",
      "object_repr": "\u042d\u043b\u0435\u043a\u0442\u0440\u043e\u0446\u0438\u043d\u043a - \u0421\u043f\u0443\u0442\u043d\u0438\u043a",
      "action_flag": 2,
      "change_message": "[{\"added\": {\"name\": \"\\u0421\\u043e\\u0431\\u044b\\u0442\\u0438\\u0435\", \"object\": \"\\u0413\\u043e\\u043b (\\u042d\\u043b\\u0435\\u043a\\u0442\\u0440\\u043e\\u0446\\u0438\\u043d\\u043a - \\u0421\\u043f\\u0443\\u0442\\u043d\\u0438\\u043a)\"}}, {\"added\": {\"name\": \"\\u0421\\u043e\\u0431\\u044b\\u0442\\u0438\\u0435\", \"object\": \"\\u0413\\u043e\\u043b (\\u042d\\u043b\\u0435\\u043a\\u0442\\u0440\\u043e\\u0446\\u0438\\u043d\\u043a - \\u0421\\u043f\\u0443\\u0442\\u043d\\u0438\\u043a)\"}}, {\"added\": {\"name\": \"\\u0421\\u043e\\u0431\\u044b\\u0442\\u0438\\u0435\", \"object\": \"\\u0413\\u043e\\u043b (\\u042d\\u043b\\u0435\\u043a\\u0442\\u0440\\u043e\\u0446\\u0438\\u043d\\u043a - \\u0421\\u043f\\u0443\\u0442\\u043d\\u0438\\u043a)\"}}, {\"added\": {\"name\": \"\\u0421\\u043e\\u0431\\u044b\\u0442\\u0438\\u0435\", \"object\": \"\\u0413\\u043e\\u043b (\\u042d\\u043b\\u0435\\u043a\\u0442\\u0440\\u043e\\u0446\\u0438\\u043d\\u043a - \\u0421\\u043f\\u0443\\u0442\\u043d\\u0438\\u043a)\"}}, {\"added\": {\"name\": \"\\u0421\\u043e\\u0431\\u044b\\u0442\\u0438\\u0435\", \"object\": \"\\u0413\\u043e\\u043b (\\u042d\\u043b\\u0435\\u043a\\u0442\\u0440\\u043e\\u0446\\u0438\\u043d\\u043a - \\u0421\\u043f\\u0443\\u0442\\u043d\\u0438\\u043a)\"}}, {\"added\": {\"name\": \"\\u0421\\u043e\\u0431\\u044b\\u0442\\u0438\\u0435\", \"object\": \"\\u0413\\u043e\\u043b (\\u042d\\u043b\\u0435\\u043a\\u0442\\u0440\\u043e\\u0446\\u0438\\u043d\\u043a - \\u0421\\u043f\\u0443\\u0442\\u043d\\u0438\\u043a)\"}}, {\"added\": {\"name\": \"\\u0421\\u043e\\u0431\\u044b\\u0442\\u0438\\u0435\", \"object\": \"\\u0413\\u043e\\u043b (\\u042d\\u043b\\u0435\\u043a\\u0442\\u0440\\u043e\\u0446\\u0438\\u043d\\u043a - \\u0421\\u043f\\u0443\\u0442\\u043d\\u0438\\u043a)\"}}, {\"added\": {\"name\": \"\\u0421\\u043e\\u0431\\u044b\\u0442\\u0438\\u0435\", \"object\": \"\\u0413\\u043e\\u043b (\\u042d\\u043b\\u0435\\u043a\\u0442\\u0440\\u043e\\u0446\\u0438\\u043d\\u043a - \\u0421\\u043f\\u0443\\u0442\\u043d\\u0438\\u043a)\"}}, {\"added\": {\"name\": \"\\u0421\\u043e\\u0431\\u044b\\u0442\\u0438\\u0435\", \"object\": \"\\u0413\\u043e\\u043b (\\u042d\\u043b\\u0435\\u043a\\u0442\\u0440\\u043e\\u0446\\u0438\\u043d\\u043a - \\u0421\\u043f\\u0443\\u0442\\u043d\\u0438\\u043a)\"}}, {\"added\": {\"name\": \"\\u0421\\u043e\\u0431\\u044b\\u0442\\u0438\\u0435\", \"object\": \"\\u0413\\u043e\\u043b (\\u042d\\u043b\\u0435\\u043a\\u0442\\u0440\\u043e\\u0446\\u0438\\u043d\\u043a - \\u0421\\u043f\\u0443\\u0442\\u043d\\u0438\\u043a)\"}}, {\"added\": {\"name\": \"\\u0421\\u043e\\u0431\\u044b\\u0442\\u0438\\u0435\", \"object\": \"\\u0413\\u043e\\u043b (\\u042d\\u043b\\u0435\\u043a\\u0442\\u0440\\u043e\\u0446\\u0438\\u043d\\u043a - \\u0421\\u043f\\u0443\\u0442\\u043d\\u0438\\u043a)\"}}]"
    }
  },
  {
    "model": "admin.logentry",
    "pk": 159,
    "fields": {
      "action_time": "2017-10-27T23:58:06.921Z",
      "user": 1,
      "content_type": 17,
      "object_id": "4",
      "object_repr": "\u0421\u0442\u0430\u0440\u0442\u043e\u0432\u0430\u043b \u0417\u0438\u043c\u043d\u0438\u0439 \u0447\u0435\u043c\u043f\u0438\u043e\u043d\u0430\u0442 \u0410\u0424\u041b",
      "action_flag": 1,
      "change_message": "[{\"added\": {}}]"
    }
  },
  {
    "model": "admin.logentry",
    "pk": 160,
    "fields": {
      "action_time": "2017-10-27T23:58:12.810Z",
      "user": 1,
      "content_type": 17,
      "object_id": "1",
      "object_repr": "\u0418\u043d\u0442\u0435\u0440\u0432\u044c\u044e \u0441 \u0414\u0430\u0432\u0438\u0434\u043e\u043c \u0414\u0438\u0434\u0430\u0440\u043e\u0432\u044b\u043c",
      "action_flag": 2,
      "change_message": "[{\"changed\": {\"fields\": [\"is_visible\"]}}]"
    }
  },
  {
    "model": "admin.logentry",
    "pk": 161,
    "fields": {
      "action_time": "2017-10-28T15:04:22.611Z",
      "user": 1,
      "content_type": 15,
      "object_id": "13",
      "object_repr": "\u0418\u0437\u043e\u0431\u0440\u0430\u0436\u0435\u043d\u0438\u0435 #13",
      "action_flag": 1,
      "change_message": "[{\"added\": {}}]"
    }
  },
  {
    "model": "admin.logentry",
    "pk": 162,
    "fields": {
      "action_time": "2017-10-31T23:28:55.411Z",
      "user": 1,
      "content_type": 22,
      "object_id": "3",
      "object_repr": "\u0411\u0430\u0440\u0441 - \u0410\u043b\u0430\u043d\u0438\u044f-2015",
      "action_flag": 1,
      "change_message": "[{\"added\": {}}, {\"added\": {\"name\": \"\\u0421\\u043e\\u0431\\u044b\\u0442\\u0438\\u0435\", \"object\": \"\\u0413\\u043e\\u043b (\\u0411\\u0430\\u0440\\u0441 - \\u0410\\u043b\\u0430\\u043d\\u0438\\u044f-2015)\"}}, {\"added\": {\"name\": \"\\u0421\\u043e\\u0431\\u044b\\u0442\\u0438\\u0435\", \"object\": \"\\u0413\\u043e\\u043b (\\u0411\\u0430\\u0440\\u0441 - \\u0410\\u043b\\u0430\\u043d\\u0438\\u044f-2015)\"}}]"
    }
  },
  {
    "model": "admin.logentry",
    "pk": 163,
    "fields": {
      "action_time": "2017-10-31T23:37:30.276Z",
      "user": 1,
      "content_type": 17,
      "object_id": "5",
      "object_repr": "\u0417\u0430\u043f\u0443\u0449\u0435\u043d \u0441\u0430\u0439\u0442 \u0410\u0424\u041b",
      "action_flag": 1,
      "change_message": "[{\"added\": {}}]"
    }
  },
  {
    "model": "admin.logentry",
    "pk": 164,
    "fields": {
      "action_time": "2017-10-31T23:47:17.337Z",
      "user": 1,
      "content_type": 7,
      "object_id": "8",
      "object_repr": "\u0417\u0430\u043f\u0443\u0449\u0435\u043d \u0441\u0430\u0439\u0442 \u0410\u0424\u041b",
      "action_flag": 1,
      "change_message": "[{\"added\": {}}]"
    }
  },
  {
    "model": "admin.logentry",
    "pk": 165,
    "fields": {
      "action_time": "2017-10-31T23:47:55.487Z",
      "user": 1,
      "content_type": 17,
      "object_id": "5",
      "object_repr": "\u0417\u0430\u043f\u0443\u0449\u0435\u043d \u0441\u0430\u0439\u0442 \u0410\u0424\u041b",
      "action_flag": 2,
      "change_message": "[{\"changed\": {\"fields\": [\"link\"]}}]"
    }
  },
  {
    "model": "admin.logentry",
    "pk": 166,
    "fields": {
      "action_time": "2017-10-31T23:49:46.189Z",
      "user": 1,
      "content_type": 7,
      "object_id": "9",
      "object_repr": "\u041e\u0431\u0437\u043e\u0440 \u0432\u043e\u0441\u043a\u0440\u0435\u0441\u043d\u044b\u0445 \u043c\u0430\u0442\u0447\u0435\u0439 1-\u0433\u043e \u0442\u0443\u0440\u0430 \u0417\u0438\u043c\u043d\u0435\u0433\u043e \u0447\u0435\u043c\u043f\u0438\u043e\u043d\u0430\u0442\u0430 \u0410\u0424\u041b/Z&MEN",
      "action_flag": 1,
      "change_message": "[{\"added\": {}}]"
    }
  },
  {
    "model": "admin.logentry",
    "pk": 167,
    "fields": {
      "action_time": "2017-10-31T23:50:13.982Z",
      "user": 1,
      "content_type": 7,
      "object_id": "9",
      "object_repr": "\u041e\u0431\u0437\u043e\u0440 \u0432\u043e\u0441\u043a\u0440\u0435\u0441\u043d\u044b\u0445 \u043c\u0430\u0442\u0447\u0435\u0439 1-\u0433\u043e \u0442\u0443\u0440\u0430 \u0417\u0438\u043c\u043d\u0435\u0433\u043e \u0447\u0435\u043c\u043f\u0438\u043e\u043d\u0430\u0442\u0430 \u0410\u0424\u041b/Z&MEN",
      "action_flag": 2,
      "change_message": "[{\"changed\": {\"fields\": [\"text\"]}}]"
    }
  },
  {
    "model": "admin.logentry",
    "pk": 168,
    "fields": {
      "action_time": "2017-10-31T23:51:07.807Z",
      "user": 1,
      "content_type": 17,
      "object_id": "3",
      "object_repr": "\u0418\u043d\u0442\u0435\u0440\u0432\u044c\u044e \u0441 \u0414\u0430\u0432\u0438\u0434\u043e\u043c \u0414\u0438\u0434\u0430\u0440\u043e\u0432\u044b\u043c",
      "action_flag": 3,
      "change_message": ""
    }
  },
  {
    "model": "admin.logentry",
    "pk": 169,
    "fields": {
      "action_time": "2017-10-31T23:51:08.876Z",
      "user": 1,
      "content_type": 17,
      "object_id": "2",
      "object_repr": "\u0418\u043d\u0442\u0435\u0440\u0432\u044c\u044e \u0441 \u0414\u0430\u0432\u0438\u0434\u043e\u043c \u0414\u0438\u0434\u0430\u0440\u043e\u0432\u044b\u043c",
      "action_flag": 3,
      "change_message": ""
    }
  },
  {
    "model": "admin.logentry",
    "pk": 170,
    "fields": {
      "action_time": "2017-10-31T23:51:09.212Z",
      "user": 1,
      "content_type": 17,
      "object_id": "1",
      "object_repr": "\u0418\u043d\u0442\u0435\u0440\u0432\u044c\u044e \u0441 \u0414\u0430\u0432\u0438\u0434\u043e\u043c \u0414\u0438\u0434\u0430\u0440\u043e\u0432\u044b\u043c",
      "action_flag": 3,
      "change_message": ""
    }
  },
  {
    "model": "admin.logentry",
    "pk": 171,
    "fields": {
      "action_time": "2017-10-31T23:52:58.626Z",
      "user": 1,
      "content_type": 17,
      "object_id": "6",
      "object_repr": "\u041e\u0431\u0437\u043e\u0440 \u0432\u043e\u0441\u043a\u0440\u0435\u0441\u043d\u044b\u0445 \u043c\u0430\u0442\u0447\u0435\u0439 1-\u0433\u043e \u0442\u0443\u0440\u0430 \u0417\u0438\u043c\u043d\u0435\u0433\u043e \u0447\u0435\u043c\u043f\u0438\u043e\u043d\u0430\u0442\u0430",
      "action_flag": 1,
      "change_message": "[{\"added\": {}}]"
    }
  },
  {
    "model": "admin.logentry",
    "pk": 172,
    "fields": {
      "action_time": "2017-10-31T23:54:54.621Z",
      "user": 1,
      "content_type": 7,
      "object_id": "10",
      "object_repr": "\u0420\u0435\u0437\u0443\u043b\u044c\u0442\u0430\u0442\u044b \u0441\u0443\u0431\u0431\u043e\u0442\u043d\u0438\u0445 \u043c\u0430\u0442\u0447\u0435\u0439 2-\u0433\u043e \u0442\u0443\u0440\u0430",
      "action_flag": 1,
      "change_message": "[{\"added\": {}}]"
    }
  },
  {
    "model": "admin.logentry",
    "pk": 173,
    "fields": {
      "action_time": "2017-10-31T23:57:00.726Z",
      "user": 1,
      "content_type": 17,
      "object_id": "4",
      "object_repr": "\u0421\u0442\u0430\u0440\u0442\u043e\u0432\u0430\u043b \u0417\u0438\u043c\u043d\u0438\u0439 \u0447\u0435\u043c\u043f\u0438\u043e\u043d\u0430\u0442 \u0410\u0424\u041b",
      "action_flag": 2,
      "change_message": "[{\"changed\": {\"fields\": [\"under_title\", \"image\"]}}]"
    }
  },
  {
    "model": "admin.logentry",
    "pk": 174,
    "fields": {
      "action_time": "2017-10-31T23:58:46.457Z",
      "user": 1,
      "content_type": 7,
      "object_id": "11",
      "object_repr": "\u0420\u0435\u0437\u0443\u043b\u044c\u0442\u0430\u0442\u044b \u0432\u043e\u0441\u043a\u0440\u0435\u0441\u043d\u044b\u0445 \u043c\u0430\u0442\u0447\u0435\u0439 2-\u0442\u0443\u0440\u0430",
      "action_flag": 1,
      "change_message": "[{\"added\": {}}]"
    }
  },
  {
    "model": "admin.logentry",
    "pk": 175,
    "fields": {
      "action_time": "2017-11-01T00:00:07.303Z",
      "user": 1,
      "content_type": 17,
      "object_id": "6",
      "object_repr": "\u0420\u0435\u0437\u0443\u043b\u044c\u0442\u0430\u0442\u044b \u0432\u043e\u0441\u043a\u0440\u0435\u0441\u043d\u044b\u0445 \u043c\u0430\u0442\u0447\u0435\u0439 2-\u0442\u0443\u0440\u0430",
      "action_flag": 2,
      "change_message": "[{\"changed\": {\"fields\": [\"title\", \"under_title\", \"link\"]}}]"
    }
  },
  {
    "model": "admin.logentry",
    "pk": 176,
    "fields": {
      "action_time": "2017-11-01T00:01:50.824Z",
      "user": 1,
      "content_type": 16,
      "object_id": "3",
      "object_repr": "\u0421\u0443\u043d\u0436\u0430 - \u0427\u0435\u0440\u043c\u0435\u043d-\u041a\u0438\u043c\u043c\u0435\u0440\u0438. 2 \u0442\u0430\u0439\u043c.",
      "action_flag": 2,
      "change_message": "[{\"changed\": {\"fields\": [\"title\", \"youtube_id\"]}}]"
    }
  },
  {
    "model": "admin.logentry",
    "pk": 177,
    "fields": {
      "action_time": "2017-11-01T00:03:18.406Z",
      "user": 1,
      "content_type": 16,
      "object_id": "1",
      "object_repr": "\u0418\u0440\u0438\u0441\u0442\u043e\u043d - \u042d\u043b\u044c-\u041f\u043e\u043b\u0435. 2-\u0439 \u0442\u0430\u0439\u043c",
      "action_flag": 2,
      "change_message": "[{\"changed\": {\"fields\": [\"title\", \"youtube_id\"]}}]"
    }
  },
  {
    "model": "admin.logentry",
    "pk": 178,
    "fields": {
      "action_time": "2017-11-01T00:03:48.179Z",
      "user": 1,
      "content_type": 16,
      "object_id": "2",
      "object_repr": "\u0421\u0443\u043d\u0436\u0430 - \u0427\u0435\u0440\u043c\u0435\u043d-\u041a\u0438\u043c\u043c\u0435\u0440\u0438. 1 \u0442\u0430\u0439\u043c.",
      "action_flag": 2,
      "change_message": "[{\"changed\": {\"fields\": [\"title\", \"youtube_id\"]}}]"
    }
  },
  {
    "model": "admin.logentry",
    "pk": 179,
    "fields": {
      "action_time": "2017-11-01T00:04:22.477Z",
      "user": 1,
      "content_type": 16,
      "object_id": "2",
      "object_repr": "\u0421\u0443\u043d\u0436\u0430 - \u0427\u0435\u0440\u043c\u0435\u043d-\u041a\u0438\u043c\u043c\u0435\u0440\u0438. 1 \u0442\u0430\u0439\u043c.",
      "action_flag": 2,
      "change_message": "[{\"changed\": {\"fields\": [\"youtube_id\"]}}]"
    }
  },
  {
    "model": "admin.logentry",
    "pk": 180,
    "fields": {
      "action_time": "2017-11-01T00:05:48.690Z",
      "user": 1,
      "content_type": 8,
      "object_id": "1",
      "object_repr": "Contact object",
      "action_flag": 2,
      "change_message": "[{\"changed\": {\"fields\": [\"phones\", \"emails\"]}}]"
    }
  },
  {
    "model": "admin.logentry",
    "pk": 181,
    "fields": {
      "action_time": "2017-11-01T00:06:20.387Z",
      "user": 1,
      "content_type": 28,
      "object_id": "1",
      "object_repr": "PersonWidget object",
      "action_flag": 2,
      "change_message": "[{\"changed\": {\"fields\": [\"player\"]}}]"
    }
  },
  {
    "model": "admin.logentry",
    "pk": 182,
    "fields": {
      "action_time": "2017-11-01T00:06:34.385Z",
      "user": 1,
      "content_type": 28,
      "object_id": "1",
      "object_repr": "PersonWidget object",
      "action_flag": 2,
      "change_message": "[{\"changed\": {\"fields\": [\"player\"]}}]"
    }
  },
  {
    "model": "admin.logentry",
    "pk": 183,
    "fields": {
      "action_time": "2017-11-06T20:18:50.522Z",
      "user": 1,
      "content_type": 16,
      "object_id": "4",
      "object_repr": "\u0418\u0440\u044b\u0441\u0442\u043e\u043d\u044b \u0423\u0430\u0440\u0442 - \u0427\u0435\u0440\u043c\u0435\u043d-\u041a\u0438\u043c\u043c\u0435\u0440\u0438. 1 \u0442\u0430\u0439\u043c.",
      "action_flag": 1,
      "change_message": "[{\"added\": {}}]"
    }
  },
  {
    "model": "admin.logentry",
    "pk": 184,
    "fields": {
      "action_time": "2017-11-06T20:20:33.051Z",
      "user": 1,
      "content_type": 16,
      "object_id": "5",
      "object_repr": "\u0418\u0440\u044b\u0441\u0442\u043e\u043d\u044b \u0423\u0430\u0440\u0442 - \u0427\u0435\u0440\u043c\u0435\u043d-\u041a\u0438\u043c\u043c\u0435\u0440\u0438. 2 \u0442\u0430\u0439\u043c.",
      "action_flag": 1,
      "change_message": "[{\"added\": {}}]"
    }
  },
  {
    "model": "admin.logentry",
    "pk": 185,
    "fields": {
      "action_time": "2017-11-06T20:21:39.368Z",
      "user": 1,
      "content_type": 16,
      "object_id": "6",
      "object_repr": "\u042d\u043b\u0435\u043a\u0442\u0440\u043e\u0446\u0438\u043d\u043a - \u041d\u0430\u0440\u0442. 1 \u0442\u0430\u0439\u043c",
      "action_flag": 1,
      "change_message": "[{\"added\": {}}]"
    }
  },
  {
    "model": "admin.logentry",
    "pk": 186,
    "fields": {
      "action_time": "2017-11-06T20:22:23.155Z",
      "user": 1,
      "content_type": 16,
      "object_id": "7",
      "object_repr": "\u042d\u043b\u0435\u043a\u0442\u0440\u043e\u0446\u0438\u043d\u043a - \u041d\u0430\u0440\u0442. 2 \u0442\u0430\u0439\u043c",
      "action_flag": 1,
      "change_message": "[{\"added\": {}}]"
    }
  },
  {
    "model": "admin.logentry",
    "pk": 187,
    "fields": {
      "action_time": "2017-11-06T20:24:26.149Z",
      "user": 1,
      "content_type": 9,
      "object_id": "9",
      "object_repr": "\u0411\u0430\u043b\u0438\u043a\u043e\u0435\u0432 \u0410\u043b\u0430\u043d",
      "action_flag": 3,
      "change_message": ""
    }
  },
  {
    "model": "admin.logentry",
    "pk": 188,
    "fields": {
      "action_time": "2017-11-06T20:24:26.552Z",
      "user": 1,
      "content_type": 9,
      "object_id": "8",
      "object_repr": "\u0424\u0435\u043b\u0438\u043a\u0441 \u041c\u0430\u043a\u0438\u0435\u0432",
      "action_flag": 3,
      "change_message": ""
    }
  },
  {
    "model": "admin.logentry",
    "pk": 189,
    "fields": {
      "action_time": "2017-11-06T20:24:27.025Z",
      "user": 1,
      "content_type": 9,
      "object_id": "7",
      "object_repr": "\u0411\u0430\u043b\u0438\u043a\u043e\u0435\u0432 \u0410\u043b\u0430\u043d",
      "action_flag": 3,
      "change_message": ""
    }
  },
  {
    "model": "admin.logentry",
    "pk": 190,
    "fields": {
      "action_time": "2017-11-06T20:24:27.625Z",
      "user": 1,
      "content_type": 9,
      "object_id": "6",
      "object_repr": "\u041a\u043e\u0440\u0430\u0435\u0432 \u041e\u043b\u0435\u0433",
      "action_flag": 3,
      "change_message": ""
    }
  },
  {
    "model": "admin.logentry",
    "pk": 191,
    "fields": {
      "action_time": "2017-11-06T20:24:28.667Z",
      "user": 1,
      "content_type": 9,
      "object_id": "5",
      "object_repr": "\u0413\u0430\u0431\u0443\u043b\u043e\u0432 \u0422\u0438\u043c\u0443\u0440",
      "action_flag": 3,
      "change_message": ""
    }
  },
  {
    "model": "admin.logentry",
    "pk": 192,
    "fields": {
      "action_time": "2017-11-06T20:24:29.558Z",
      "user": 1,
      "content_type": 9,
      "object_id": "2",
      "object_repr": "\u0421\u0430\u0441\u0438\u0435\u0432 \u0422\u0430\u043c\u0435\u0440\u043b\u0430\u043d",
      "action_flag": 3,
      "change_message": ""
    }
  },
  {
    "model": "admin.logentry",
    "pk": 193,
    "fields": {
      "action_time": "2017-11-06T20:24:30.220Z",
      "user": 1,
      "content_type": 9,
      "object_id": "1",
      "object_repr": "\u0418\u043a\u0430\u0435\u0432 \u0410\u043b\u0430\u043d \u041a\u0430\u0437\u0431\u0435\u043a\u043e\u0432\u0438\u0447",
      "action_flag": 3,
      "change_message": ""
    }
  },
  {
    "model": "admin.logentry",
    "pk": 194,
    "fields": {
      "action_time": "2017-11-06T20:25:54.797Z",
      "user": 1,
      "content_type": 28,
      "object_id": "1",
      "object_repr": "PersonWidget object",
      "action_flag": 2,
      "change_message": "[{\"changed\": {\"fields\": [\"player\"]}}]"
    }
  },
  {
    "model": "admin.logentry",
    "pk": 195,
    "fields": {
      "action_time": "2017-11-06T20:27:16.072Z",
      "user": 1,
      "content_type": 28,
      "object_id": "1",
      "object_repr": "PersonWidget object",
      "action_flag": 2,
      "change_message": "[{\"changed\": {\"fields\": [\"player\"]}}]"
    }
  },
  {
    "model": "admin.logentry",
    "pk": 196,
    "fields": {
      "action_time": "2017-11-06T21:17:46.771Z",
      "user": 1,
      "content_type": 18,
      "object_id": "2",
      "object_repr": "Banner object",
      "action_flag": 2,
      "change_message": "[{\"changed\": {\"fields\": [\"title\", \"link\", \"image\"]}}]"
    }
  },
  {
    "model": "admin.logentry",
    "pk": 197,
    "fields": {
      "action_time": "2017-11-07T04:55:53.766Z",
      "user": 1,
      "content_type": 18,
      "object_id": "3",
      "object_repr": "Banner object",
      "action_flag": 2,
      "change_message": "[{\"changed\": {\"fields\": [\"title\", \"link\", \"image\"]}}]"
    }
  },
  {
    "model": "admin.logentry",
    "pk": 198,
    "fields": {
      "action_time": "2017-11-07T05:27:09.046Z",
      "user": 1,
      "content_type": 25,
      "object_id": "5",
      "object_repr": "\u0410\u0440\u0441\u0435\u043d\u0430\u043b",
      "action_flag": 2,
      "change_message": "[{\"changed\": {\"fields\": [\"title\"]}}]"
    }
  },
  {
    "model": "admin.logentry",
    "pk": 199,
    "fields": {
      "action_time": "2017-11-07T10:41:59.778Z",
      "user": 1,
      "content_type": 15,
      "object_id": "13",
      "object_repr": "\u0418\u0437\u043e\u0431\u0440\u0430\u0436\u0435\u043d\u0438\u0435 #13",
      "action_flag": 3,
      "change_message": ""
    }
  },
  {
    "model": "admin.logentry",
    "pk": 200,
    "fields": {
      "action_time": "2017-11-07T13:12:03.631Z",
      "user": 1,
      "content_type": 12,
      "object_id": "1",
      "object_repr": "BombardiersPenaltiesTableSettings object",
      "action_flag": 1,
      "change_message": "[{\"added\": {}}]"
    }
  },
  {
    "model": "admin.logentry",
    "pk": 201,
    "fields": {
      "action_time": "2017-11-07T13:12:18.468Z",
      "user": 1,
      "content_type": 11,
      "object_id": "1",
      "object_repr": "LastTournament object",
      "action_flag": 1,
      "change_message": "[{\"added\": {}}]"
    }
  }
]